symbol-id,symbol-en,symbol-pl,domena-pl,podkategoria-pl,czesc-mowy-zrodlo,wariant,klasa-semantyczna,aspekt,uwagi,flaga,decyzja-do-bazy
1,A,A (wielka litera),Alfabet,,Letter,,,,,,
2,a_-_lower_case,a (mała litera),Alfabet,,Noun,,,,,,
3,above,nad,Określenia,Położenie,Noun,,,,,,
4,absent,nieobecny,Określenia,Stan,Noun,,,,,,
5,acne_spots,trądzik,Zdrowie i higiena,Dolegliwości i stany zdrowia,Noun,,,,,,
6,acorn,żołądź,Rośliny i drzewa,,Noun,,,,,,
7,across,w poprzek,Określenia,Kierunek,Noun,,,,,,
8,activity_centre,centrum aktywności (zabawka),Wypoczynek i zabawa,Zabawki,Noun,,,,,V,
9,add,dodawanie,Liczby,Działania i matematyka,Noun,,,,,,
10,Advent,Adwent,Religia,Święta,Noun,,,,,,
11,Advent_calendar,kalendarz adwentowy,Religia,Ogólne,Noun,,,,,,
12,aerial_indoor,antena pokojowa,Urządzenia elektryczne,Telewizja,Noun,,,,,,
13,aerobics_dance,aerobik,Sport,Dyscypliny i czynności sportowe,Noun,,,,,,
14,aeroplane,samolot,Transport,Powietrzny,Noun,,,,,,
15,afraid_lady,przestraszona (kobieta),Ludzie,Uczucia i emocje,Noun,,,,płeć postaci: kobieta,,
16,afraid_man,przestraszony (mężczyzna),Ludzie,Uczucia i emocje,Noun,,,,płeć postaci: mężczyzna,,
17,after,po,Określenia,Położenie,Noun,,,,,,
18,afternoon,popołudnie,Określenia,Czas,Noun,,,,,,
19,aftershave,woda po goleniu,Zdrowie i higiena,Przedmioty do higieny i pielęgnacji,Noun,,,,,,
20,aftershave_1,woda po goleniu,Zdrowie i higiena,Przedmioty do higieny i pielęgnacji,Noun,1,,,,,
21,against,oparty o,Określenia,Położenie,Noun,,,,,V,
22,ahead,naprzód,Określenia,Położenie,Noun,,,,,,
23,air_person_1a,pracownik linii lotniczych,Ludzie,Zawody,Noun,1a,,,"_1x = postać męska, _2x = żeńska; a/b = odcień skóry",,
24,air_person_1b,pracownik linii lotniczych,Ludzie,Zawody,Noun,1b,,,"_1x = postać męska, _2x = żeńska; a/b = odcień skóry",,
25,air_person_2a,pracownica linii lotniczych,Ludzie,Zawody,Noun,2a,,,"_1x = postać męska, _2x = żeńska; a/b = odcień skóry",,
26,air_person_2b,pracownica linii lotniczych,Ludzie,Zawody,Noun,2b,,,"_1x = postać męska, _2x = żeńska; a/b = odcień skóry",,
27,air_steward_1a,steward,Ludzie,Zawody,Noun,1a,,,"_1x = postać męska, _2x = żeńska; a/b = odcień skóry",,
28,air_steward_1b,steward,Ludzie,Zawody,Noun,1b,,,"_1x = postać męska, _2x = żeńska; a/b = odcień skóry",,
29,air_steward_2a,stewardesa,Ludzie,Zawody,Noun,2a,,,"_1x = postać męska, _2x = żeńska; a/b = odcień skóry",,
30,air_steward_2b,stewardesa,Ludzie,Zawody,Noun,2b,,,"_1x = postać męska, _2x = żeńska; a/b = odcień skóry",,
31,airways,drogi oddechowe,Zdrowie i higiena,Części ciała,Noun,,,,,,
32,algebra_class,lekcja algebry,Liczby,Działania i matematyka,Noun,,,,,,
33,algebra_formula,wzór algebraiczny,Liczby,Działania i matematyka,Noun,,,,,,
34,almond,migdał,Jedzenie,Orzechy,Noun,,,,,,
35,ambulance,karetka,Transport,Drogowy,Noun,,,,,,
36,angel,anioł,Religia,Postacie,Noun,,,,,,
37,angry_lady,zła (kobieta),Ludzie,Uczucia i emocje,Noun,,,,płeć postaci: kobieta,,
38,angry_man,zły (mężczyzna),Ludzie,Uczucia i emocje,Noun,,,,płeć postaci: mężczyzna,,
39,ankle,kostka,Zdrowie i higiena,Części ciała,Noun,,,,,,
40,answer,odpowiedź,Liczby,Działania i matematyka,Noun,,,,,,
41,ant,mrówka,Zwierzęta,Pająki i owady,Noun,,,,,,
42,ant_eater,mrówkojad,Zwierzęta,Ssaki,Noun,,,,,,
43,antelope,antylopa,Zwierzęta,Ssaki,Noun,,,,,,
44,apple,jabłko,Jedzenie,Owoce,Noun,,,,,,
45,apple_juice,sok jabłkowy,Napoje,Rodzaje napojów,Noun,,,,,,
46,apricot,morela,Jedzenie,Owoce,Noun,,,,,,
47,apron,fartuch,Narzędzia,Warsztatowe,Noun,,,,,,
48,aquarium,akwarium,Zwierzęta,Siedliska i schronienia,Noun,,,,,,
49,arch_lever_file,segregator,Praca i szkoła,Przybory szkolne i biurowe,Noun,,,,,V,
50,archery,łucznictwo,Sport,Dyscypliny i czynności sportowe,Noun,,,,,,
51,archery_target,tarcza łucznicza,Sport,Sprzęt i akcesoria,Noun,,,,,,
52,arm,ramię,Zdrowie i higiena,Części ciała,Noun,,,,,V,
53,arm_chair,fotel,Budynki i dom,Meble,Noun,,,,,,
54,arms,ramiona,Zdrowie i higiena,Części ciała,Noun,,,,,V,
55,"armwrestle_,_to",siłować się na rękę,Wypoczynek i zabawa,Gry,Verb,,"gra, sport i wypoczynek",ndk,,,
56,army_tank,czołg,Wojsko,,Noun,,,,,,
57,around,dookoła,Określenia,Kierunek,Noun,,,,,,
58,arrow_keys,klawisze strzałek,Komputer,Interfejs i polecenia,Noun,,,,,,
59,art,sztuka,Plastyka,Tworzenie,Noun,,,,,,
60,art_class,lekcja plastyki,Praca i szkoła,Plan zajęć,Noun,,,,,,
61,art_room,sala plastyczna,Budynki i dom,Budynki i pomieszczenia szkolne,Noun,,,,,,
62,artichoke,karczoch,Jedzenie,Warzywa i sałatki,Noun,,,,,,
63,artist_palette,paleta malarska,Plastyka,Tworzenie,Noun,,,,,,
64,Ash_Wednesday,Środa Popielcowa,Religia,Święta,Noun,,,,,,
65,asparagus,szparagi,Jedzenie,Warzywa i sałatki,Noun,,,,,,
66,assembly,apel szkolny,Praca i szkoła,Plan zajęć,Noun,,,,,,
67,at_key,klawisz małpa (@),Komputer,Interfejs i polecenia,Noun,,,,,,
68,atom,atom,Nauka,Ogólne,Noun,,,,,,
69,aubergine,bakłażan,Jedzenie,Warzywa i sałatki,Noun,,,,,,
70,aunt_maternal,ciocia (siostra matki),Ludzie,Pokrewieństwo i relacje,Noun,,,,,,
71,aunt_paternal,ciocia (siostra ojca),Ludzie,Pokrewieństwo i relacje,Noun,,,,,,
72,auroscope,otoskop,Zdrowie i higiena,Przedmioty i sprzęt medyczny,Noun,,,,,,
73,autumn,jesień,Określenia,Czas,Noun,,,,,,
74,avocado,awokado,Jedzenie,Warzywa i sałatki,Noun,,,,,,
75,awake,obudzony,Określenia,Stan,Noun,,,,,,
76,away,z dala,Określenia,Kierunek,Noun,,,,,V,
77,B,B (wielka litera),Alfabet,,Noun,,,,,,
78,b_-_lower_case,b (mała litera),Alfabet,,Noun,,,,,,
79,baby,niemowlę,Ludzie,Cechy i opis osób,Noun,,,,,,
80,baby_oil,oliwka dla niemowląt,Zdrowie i higiena,Przedmioty do higieny i pielęgnacji,Noun,,,,,,
81,baby_powder,puder dla niemowląt,Zdrowie i higiena,Przedmioty do higieny i pielęgnacji,Noun,,,,,,
82,back,plecy,Zdrowie i higiena,Części ciała,Noun,,,,,,
83,back_1,plecy,Zdrowie i higiena,Części ciała,Noun,1,,,,,
84,back_ache,ból pleców,Zdrowie i higiena,Dolegliwości i stany zdrowia,Noun,,,,,,
85,back_garden,ogród za domem,Budynki i dom,Ogród i gospodarstwo,Noun,,,,,,
86,backstop,siatka za bazą (backstop),Sport,Sprzęt i akcesoria,Noun,,,,,V,
87,backwards,do tyłu,Określenia,Kierunek,Noun,,,,,,
88,bacon,bekon,Jedzenie,Mięso,Noun,,,,,,
89,bad,zły,Określenia,Stan,Noun,,,,,,
90,badger,borsuk,Zwierzęta,Ssaki,Noun,,,,,,
91,badger_2,borsuk,Zwierzęta,Ssaki,Noun,2,,,,,
92,badminton,badminton,Sport,Dyscypliny i czynności sportowe,Noun,,,,,,
93,badminton_racket,rakieta do badmintona,Sport,Sprzęt i akcesoria,Noun,,,,,,
94,bagel,bajgiel,Jedzenie,Pieczywo i wypieki,Noun,,,,,,
95,bagel_2,bajgiel,Jedzenie,Pieczywo i wypieki,Noun,2,,,,,
96,"bake_,_to",piec,Jedzenie,Czynności kuchenne,Verb,,gotowanie i obróbka żywności,ndk,,,
97,baked_beans,fasolka w sosie pomidorowym,Jedzenie,Warzywa i sałatki,Noun,,,,,K,
98,baked_beans_2,fasolka w sosie pomidorowym,Jedzenie,Warzywa i sałatki,Noun,2,,,,K,
99,baker_1a,piekarz,Ludzie,Zawody,Noun,1a,,,"_1x = postać męska, _2x = żeńska; a/b = odcień skóry",,
100,baker_1b,piekarz,Ludzie,Zawody,Noun,1b,,,"_1x = postać męska, _2x = żeńska; a/b = odcień skóry",,
101,baker_2a,piekarka,Ludzie,Zawody,Noun,2a,,,"_1x = postać męska, _2x = żeńska; a/b = odcień skóry",,
102,baker_2b,piekarka,Ludzie,Zawody,Noun,2b,,,"_1x = postać męska, _2x = żeńska; a/b = odcień skóry",,
103,baking_powder,proszek do pieczenia,Jedzenie,Pieczywo i wypieki,Noun,,,,,,
104,baking_tray,blacha do pieczenia,Jedzenie,Przybory i sprzęt kuchenny,Noun,,,,,,
105,ball,piłka,Wypoczynek i zabawa,Zabawki,Noun,,,,,,
106,ball_beach,piłka plażowa,Wypoczynek i zabawa,Zabawki,Noun,,,,,,
107,ball_pool,suchy basen z kulkami,Wypoczynek i zabawa,Zabawki,Noun,,,,,,
108,balloon,balon,Uroczystości,Przedmioty i dekoracje,Noun,,,,,,
109,banana,banan,Jedzenie,Owoce,Noun,,,,,,
110,banana_bunch,kiść bananów,Jedzenie,Owoce,Noun,,,,,,
111,bank,bank,Pieniądze,,Noun,,,,,,
112,bank_card,karta bankowa,Pieniądze,,Noun,,,,,,
113,banquet_buffet,bankiet (szwedzki stół),Jedzenie,Posiłki i przekąski,Noun,,,,,,
114,bap,bułka miękka (bap),Jedzenie,Pieczywo i wypieki,Noun,,,,brytyjska regionalna nazwa miękkiej bułki,K,
115,barbeque,grill,Budynki i dom,Ogród i gospodarstwo,Noun,,,,,,
116,"barbeque_,_to",grillować,Jedzenie,Czynności kuchenne,Verb,,gotowanie i obróbka żywności,ndk,,,
117,base_rock,skała macierzysta,Nauka,Ekologia,Noun,,,,,V,
118,baseball_base,baza (baseball),Sport,Sprzęt i akcesoria,Noun,,,,,,
119,baseball_bat,kij bejsbolowy,Sport,Sprzęt i akcesoria,Noun,,,,,,
120,baseball_game,gra w baseball,Sport,Dyscypliny i czynności sportowe,Noun,,,,,,
121,baseball_glove,rękawica bejsbolowa,Sport,Sprzęt i akcesoria,Noun,,,,,,
122,baseball_player,bejsbolista,Sport,Dyscypliny i czynności sportowe,Noun,,,,,,
123,basket,kosz,Budynki i dom,Przedmioty i wyposażenie domu,Noun,,,,,,
124,basket_2,kosz,Budynki i dom,Przedmioty i wyposażenie domu,Noun,2,,,,,
125,basketball,koszykówka,Sport,Dyscypliny i czynności sportowe,Noun,,,,,,
126,basketball_ball,piłka do koszykówki,Sport,Sprzęt i akcesoria,Noun,,,,,,
127,basketball_game,gra w koszykówkę,Sport,Dyscypliny i czynności sportowe,Noun,,,,,,
128,bat,nietoperz,Zwierzęta,Ssaki,Noun,,,,,,
129,bath,wanna,Budynki i dom,Przedmioty i wyposażenie domu,Noun,,,,,,
130,"bath_animal_,_to",kąpać zwierzę,Zwierzęta,Pielęgnacja zwierząt,VerbComplex,,relacje społeczne i opieka,ndk,,,
131,bath_mat,dywanik łazienkowy,Budynki i dom,Przedmioty i wyposażenie domu,Noun,,,,,,
132,"bathe_,_to",kąpać się,Zdrowie i higiena,Czynności higieniczne,Verb,,higiena i ubieranie się,ndk,,,
133,battery_1,bateria,Urządzenia elektryczne,Ogólne,Noun,1,,,,,
134,battery_1a,bateria,Urządzenia elektryczne,Ogólne,Noun,1a,,,,V,
135,battery_2,bateria,Urządzenia elektryczne,Ogólne,Noun,2,,,,,
136,battery_2a,bateria,Urządzenia elektryczne,Ogólne,Noun,2a,,,,V,
137,beach,plaża,Wakacje i podróże,,Noun,,,,,,
138,beach_bag,torba plażowa,Ubrania,Akcesoria,Noun,,,,,,
139,beach_towel,ręcznik plażowy,Wakacje i podróże,,Noun,,,,,,
140,beads,koraliki,Wypoczynek i zabawa,Zabawki,Noun,,,,,,
141,beak,dziób,Zwierzęta,Cechy i części ciała zwierząt,Noun,,,,,,
142,beaker_1,zlewka,Nauka,Ogólne,Noun,1,,,,,
143,beaker_2,zlewka,Nauka,Ogólne,Noun,2,,,,,
144,beanbag,woreczek do rzucania,Wypoczynek i zabawa,Zabawki,Noun,,,,,V,
145,beans_on_toast,fasolka na tostach,Jedzenie,Posiłki i przekąski,Noun,,,,brytyjskie danie,K,
146,beansprouts,kiełki fasoli,Jedzenie,Warzywa i sałatki,Noun,,,,,,
147,bear,niedźwiedź,Zwierzęta,Ssaki,Noun,,,,,,
148,bed_four_poster,łóżko z baldachimem,Budynki i dom,Meble,Noun,,,,,,
149,bed_time,pora snu,Określenia,Czas,Noun,,,,,,
150,bee_bumble,trzmiel,Zwierzęta,Pająki i owady,Noun,,,,,,
151,bee_honey,pszczoła miodna,Zwierzęta,Pająki i owady,Noun,,,,,,
152,beef,wołowina,Jedzenie,Mięso,Noun,,,,,,
153,beehive,ul,Zwierzęta,Siedliska i schronienia,Noun,,,,,,
154,beer,piwo,Napoje,Rodzaje napojów,Noun,,,,,,
155,bees_nest,gniazdo pszczół,Zwierzęta,Siedliska i schronienia,Noun,,,,,,
156,beetle,chrząszcz,Zwierzęta,Pająki i owady,Noun,,,,,,
157,beetroot,burak,Jedzenie,Warzywa i sałatki,Noun,,,,,,
158,before,przed,Określenia,Położenie,Noun,,,,,,
159,begin_start,początek,Określenia,Kierunek,Noun,,,,,V,
160,behind,za,Określenia,Położenie,Noun,,,,,,
161,bell,dzwonek,Budynki i dom,Przedmioty i wyposażenie domu,Noun,,,,,,
162,below,poniżej,Określenia,Położenie,Noun,,,,,,
163,belt,pasek,Ubrania,Odzież ogólna,Noun,,,,,,
164,bench,ławka,Budynki i dom,Ogród i gospodarstwo,Noun,,,,,,
165,bendy,giętki,Nauka,Ogólne,Noun,,,,,V,
166,bendy_1,giętki,Nauka,Ogólne,Noun,1,,,,V,
167,berry,jagoda,Jedzenie,Owoce,Noun,,,,,,
168,beside_next_to,obok,Określenia,Położenie,Noun,,,,,,
169,between,między,Określenia,Położenie,Noun,,,,,,
170,bib,śliniak,Ubrania,Odzież ogólna,Noun,,,,,,
171,bicycle,rower,Transport,Drogowy,Noun,,,,,,
172,big_mac_switch,przełącznik Big Mac,Komunikacja,Sprzęt i pomoce AAC,Noun,,,,nazwa handlowa urządzenia,B,
173,big_wheel,diabelski młyn,Wakacje i podróże,,Noun,,,,,V,
174,bikini,bikini,Ubrania,Odzież ogólna,Noun,,,,,,
175,bin_bag,worek na śmieci,Budynki i dom,Przedmioty i wyposażenie domu,Noun,,,,,,
176,bin_bags,worki na śmieci,Budynki i dom,Przedmioty i wyposażenie domu,Noun,,,,,,
177,bingo,bingo,Wypoczynek i zabawa,Gry,Noun,,,,,,
178,bingo_marker,marker do bingo,Wypoczynek i zabawa,Gry,Noun,,,,,,
179,bird,ptak,Zwierzęta,Ptaki,Noun,,,,,,
180,bird_bath,poidełko dla ptaków,Zwierzęta,Siedliska i schronienia,Noun,,,,,,
181,bird_cage,klatka dla ptaka,Zwierzęta,Siedliska i schronienia,Noun,,,,,,
182,bird_feeder,karmnik dla ptaków,Zwierzęta,Siedliska i schronienia,Noun,,,,,,
183,bird_seed,ziarno dla ptaków,Zwierzęta,Karmienie zwierząt,Noun,,,,,,
184,birthday_cake,tort urodzinowy,Uroczystości,Przedmioty i dekoracje,Noun,,,,,,
185,birthday_card,kartka urodzinowa,Uroczystości,Przedmioty i dekoracje,Noun,,,,,,
186,biscuit_chocolate_chip,ciastko z kawałkami czekolady,Jedzenie,Pieczywo i wypieki,Noun,,,,,,
187,biscuits,ciastka,Jedzenie,Pieczywo i wypieki,Noun,,,,,,
188,black,czarny,Plastyka,Kolory,Noun,,,,,,
189,blackberry,jeżyna,Jedzenie,Owoce,Noun,,,,,,
190,blackboard,tablica kredowa,Budynki i dom,Sprzęt i urządzenia,Noun,,,,,,
191,blackcurrant_juice,sok z czarnej porzeczki,Napoje,Rodzaje napojów,Noun,,,,,,
192,blackcurrants,czarne porzeczki,Jedzenie,Owoce,Noun,,,,,,
193,bladder,pęcherz moczowy,Zdrowie i higiena,Części ciała,Noun,,,,,,
194,bladder_kidneys,pęcherz moczowy i nerki,Zdrowie i higiena,Części ciała,Noun,,,,,,
195,blanket,koc,Budynki i dom,Przedmioty i wyposażenie domu,Noun,,,,,,
196,blanket_chest,skrzynia na koce,Budynki i dom,Meble,Noun,,,,,V,
197,blender_drinks,blender do napojów,Jedzenie,Przybory i sprzęt kuchenny,Noun,,,,,V,
198,"bless_,_to",błogosławić,Religia,Ogólne,Verb,,relacje społeczne i opieka,ndk,,,
199,blind,niewidomy,Ludzie,Cechy i opis osób,Noun,,,,,V,
200,blind_2,niewidomy,Ludzie,Cechy i opis osób,Noun,2,,,,V,
201,blinds,żaluzje,Budynki i dom,Przedmioty i wyposażenie domu,Noun,,,,,,
202,blood_pressure,ciśnienie krwi,Zdrowie i higiena,Dolegliwości i stany zdrowia,Noun,,,,,,
203,blouse,bluzka,Ubrania,Odzież ogólna,Noun,,,,,,
204,blue,niebieski,Plastyka,Kolory,Noun,,,,,,
205,blue_dark,ciemnoniebieski,Plastyka,Kolory,Noun,,,,,,
206,blue_light,jasnoniebieski,Plastyka,Kolory,Noun,,,,,,
207,blusher,róż do policzków,Zdrowie i higiena,Przedmioty do higieny i pielęgnacji,Noun,,,,,,
208,boat,łódź,Transport,Wodny,Noun,,,,,,
209,bobble_hat,czapka z pomponem,Ubrania,Odzież ogólna,Noun,,,,,,
210,boccia,boccia,Sport,Dyscypliny i czynności sportowe,Noun,,,,,,
211,boccia_chute,rampa do boccia,Sport,Sprzęt i akcesoria,Noun,,,,,,
212,body_outline,zarys ciała,Zdrowie i higiena,Części ciała,Noun,,,,,,
213,bolt,śruba z nakrętką,Narzędzia,Warsztatowe,Noun,,,,,V,
214,bone,kość,Zwierzęta,Karmienie zwierząt,Noun,,,,,,
215,bone_2,kość,Zdrowie i higiena,Części ciała,Noun,2,,,,,
216,bonfire,ognisko,Budynki i dom,Ogród i gospodarstwo,Noun,,,,,,
217,Bonfire_Night,Bonfire Night,Uroczystości,Wydarzenia,Noun,,,,brytyjskie święto 5 listopada (wspomnienie Spisku Prochowego),K,
218,book_end,podpórka do książek,Budynki i dom,Przedmioty i wyposażenie domu,Noun,,,,,,
219,book_ends,podpórki do książek,Budynki i dom,Przedmioty i wyposażenie domu,Noun,,,,,,
220,book_shelf,półka na książki,Budynki i dom,Meble,Noun,,,,,,
221,bookcase,regał na książki,Budynki i dom,Meble,Noun,,,,,,
222,bootees,buciki niemowlęce,Ubrania,Odzież ogólna,Noun,,,,,,
223,boots,kozaki,Ubrania,Odzież ogólna,Noun,,,,,,
224,both,oba,Określenia,Ilość i miara,Noun,,,,,,
225,bottom,dół,Określenia,Położenie,Noun,,,,,,
226,bottom_2,dół,Określenia,Położenie,Noun,2,,,,V,
227,bottom_3,pośladki,Zdrowie i higiena,Części ciała,Noun,3,,,,,
228,bow,kokarda,Ubrania,Akcesoria,Noun,,,,,,
229,bow_and_arrow,łuk i strzała,Sport,Sprzęt i akcesoria,Noun,,,,,,
230,bow_tie,mucha,Ubrania,Akcesoria,Noun,,,,,,
231,bowl,miska,Jedzenie,Przybory i sprzęt kuchenny,Noun,,,,,,
232,bowler_1,gracz w kręgle,Sport,Dyscypliny i czynności sportowe,Noun,1,,,,V,
233,bowling,kręgle,Sport,Dyscypliny i czynności sportowe,Noun,,,,,,
234,bowling_ball,kula do kręgli,Sport,Sprzęt i akcesoria,Noun,,,,,,
235,bowling_gutter,rynna (kręgielnia),Sport,Sprzęt i akcesoria,Noun,,,,,,
236,bowling_pins,kręgle (keglowe),Sport,Sprzęt i akcesoria,Noun,,,,,,
237,bowling_spare,spare (kręgle),Sport,Sprzęt i akcesoria,Noun,,,,,,
238,bowling_strike,strike (kręgle),Sport,Sprzęt i akcesoria,Noun,,,,,,
239,boxer_shorts,bokserki,Ubrania,Odzież ogólna,Noun,,,,,,
240,Boxing_Day,Boxing Day (drugi dzień świąt),Religia,Święta,Noun,,,,brytyjski dzień wolny 26 grudnia,K,
241,bra,biustonosz,Ubrania,Odzież ogólna,Noun,,,,,,
242,bracelet_1,bransoletka,Ubrania,Biżuteria,Noun,1,,,,,
243,bracelet_2,bransoletka,Ubrania,Biżuteria,Noun,2,,,,,
244,brain,mózg,Zdrowie i higiena,Części ciała,Noun,,,,,,
245,branch,gałąź,Rośliny i drzewa,,Noun,,,,,,
246,brazil_nut,orzech brazylijski,Jedzenie,Orzechy,Noun,,,,,,
247,bread,chleb,Jedzenie,Pieczywo i wypieki,Noun,,,,,,
248,bread_crumbs,bułka tarta,Jedzenie,Pieczywo i wypieki,Noun,,,,,,
249,bread_roll,bułka,Jedzenie,Pieczywo i wypieki,Noun,,,,,,
250,bread_roll_2,bułka,Jedzenie,Pieczywo i wypieki,Noun,2,,,,,
251,bread_roll_3,bułka,Jedzenie,Pieczywo i wypieki,Noun,3,,,,,
252,bread_roll_filled,bułka z nadzieniem,Jedzenie,Pieczywo i wypieki,Noun,,,,,,
253,bread_roll_granary,bułka pełnoziarnista,Jedzenie,Pieczywo i wypieki,Noun,,,,,V,
254,bread_slice,kromka chleba,Jedzenie,Pieczywo i wypieki,Noun,,,,,,
255,bread_sliced,chleb krojony,Jedzenie,Pieczywo i wypieki,Noun,,,,,,
256,breafkfast_continental_1,śniadanie kontynentalne,Jedzenie,Posiłki i przekąski,Noun,1,,,literówka w źródle (breafkfast),E,
257,breafkfast_continental_2,śniadanie kontynentalne,Jedzenie,Posiłki i przekąski,Noun,2,,,literówka w źródle (breafkfast),E,
258,breafkfast_fried,śniadanie smażone (angielskie),Jedzenie,Posiłki i przekąski,Noun,,,,literówka w źródle (breafkfast); full English breakfast,EK,
259,"break_,_to",łamać,Określenia,Stan,Verb,,zmiana stanu,ndk,znaczenie do potwierdzenia na obrazie (łamać / psuć / tłuc),V,
260,break_2,przerwa,Określenia,Stan,Noun,2,,,,V,
261,"break_egg_,_to",rozbijać jajko,Jedzenie,Czynności kuchenne,VerbComplex,,gotowanie i obróbka żywności,ndk,,,
262,break_time_1,przerwa,Praca i szkoła,Plan zajęć,Noun,1,,,,,
263,break_time_2,przerwa,Praca i szkoła,Plan zajęć,Noun,2,,,,,
264,breakfast_1,śniadanie,Jedzenie,Posiłki i przekąski,Noun,1,,,,,
265,breakfast_2,śniadanie,Jedzenie,Posiłki i przekąski,Noun,2,,,,,
266,breakfast_3,śniadanie,Jedzenie,Posiłki i przekąski,Noun,3,,,,,
267,breakfast_4,śniadanie,Jedzenie,Posiłki i przekąski,Noun,4,,,,,
268,breakfast_5,śniadanie,Jedzenie,Posiłki i przekąski,Noun,5,,,,,
269,breakfast_6,śniadanie,Jedzenie,Posiłki i przekąski,Noun,6,,,,,
270,breakfast_time,pora śniadania,Określenia,Czas,Noun,,,,,,
271,breakfast_time_1,pora śniadania,Określenia,Czas,Noun,1,,,,,
272,bricks,klocki,Wypoczynek i zabawa,Zabawki,Noun,,,,,,
273,bridle,uzda,Zwierzęta,Pielęgnacja zwierząt,Noun,,,,,,
274,briefcase_1,aktówka,Ubrania,Akcesoria,Noun,1,,,,,
275,briefcase_2,aktówka,Ubrania,Akcesoria,Noun,2,,,,,
276,bright,jasny,Urządzenia elektryczne,Ogólne,Noun,,,,,,
277,bright_room,jasny pokój,Określenia,Stan,Noun,,,,,,
278,broad_beans,bób,Jedzenie,Warzywa i sałatki,Noun,,,,,,
279,broccoli,brokuł,Jedzenie,Warzywa i sałatki,Noun,,,,,,
280,broken,zepsuty,Określenia,Stan,Noun,,,,,,
281,broken_bone,złamana kość,Zdrowie i higiena,Dolegliwości i stany zdrowia,Noun,,,,,,
282,brooch,broszka,Ubrania,Biżuteria,Noun,,,,,,
283,broom,miotła,Budynki i dom,Przedmioty i wyposażenie domu,Noun,,,,,,
284,broomstick,miotła czarownicy,Uroczystości,Przedmioty i dekoracje,Noun,,,,,,
285,brother,brat,Ludzie,Pokrewieństwo i relacje,Noun,,,,,,
286,brown,brązowy,Plastyka,Kolory,Noun,,,,,,
287,"brush_animal_,_to",szczotkować zwierzę,Zwierzęta,Pielęgnacja zwierząt,VerbComplex,,relacje społeczne i opieka,ndk,,,
288,"brush_hair_,_to",szczotkować włosy,Zdrowie i higiena,Czynności higieniczne,VerbComplex,,higiena i ubieranie się,ndk,,,
289,"brush_teeth_,_to",myć zęby,Zdrowie i higiena,Czynności higieniczne,VerbComplex,,higiena i ubieranie się,ndk,"idiom polski: myć, nie szczotkować",,
290,brussel_sprouts,brukselka,Jedzenie,Warzywa i sałatki,Noun,,,,literówka w źródle (brussel),E,
291,bubble_bath,płyn do kąpieli,Zdrowie i higiena,Przedmioty do higieny i pielęgnacji,Noun,,,,,,
292,bubble_gum_-_blow,guma balonowa (dmuchanie),Jedzenie,Słodycze i desery,Noun,,,,,,
293,bubble_mixture,płyn do baniek mydlanych,Wypoczynek i zabawa,Zabawki,Noun,,,,,,
294,bubble_wand,pałeczka do baniek mydlanych,Wypoczynek i zabawa,Zabawki,Noun,,,,,,
295,bubble_wrap,folia bąbelkowa,Praca i szkoła,Przybory szkolne i biurowe,Noun,,,,,,
296,bubbles,bańki mydlane,Wypoczynek i zabawa,Zabawki,Noun,,,,,,
297,bubbles_blow,puszczanie baniek mydlanych,Wypoczynek i zabawa,Zabawki,Noun,,,,,,
298,bucket,wiaderko,Wypoczynek i zabawa,Zabawki,Noun,,,,,,
299,buckle,sprzączka,Ubrania,Akcesoria,Noun,,,,,,
300,bud,pączek (kwiatowy),Rośliny i drzewa,,Noun,,,,,,
301,budgie,papużka falista,Zwierzęta,Ptaki,Noun,,,,,,
302,buffalo,bawół,Zwierzęta,Ssaki,Noun,,,,,,
303,bulb_holder,oprawka żarówki,Urządzenia elektryczne,Ogólne,Noun,,,,,,
304,bulb_holder_2,oprawka żarówki,Urządzenia elektryczne,Ogólne,Noun,2,,,,,
305,bumpy,nierówny,Określenia,Kształt,Noun,,,,,,
306,bun_-_hot_cross,bułeczka hot cross,Jedzenie,Pieczywo i wypieki,Noun,,,,brytyjska bułeczka wielkanocna z rodzynkami i krzyżykiem,K,
307,bun_currant,bułeczka z korynkami,Jedzenie,Pieczywo i wypieki,Noun,,,,,V,
308,bunk_beds,łóżko piętrowe,Budynki i dom,Meble,Noun,,,,,,
309,burn,oparzenie,Zdrowie i higiena,Dolegliwości i stany zdrowia,Noun,,,,,,
310,bus,autobus (zabawka),Wypoczynek i zabawa,Zabawki,Noun,,,,,V,
311,bus_double_decker,autobus piętrowy,Transport,Drogowy,Noun,,,,typowy dla Wielkiej Brytanii,K,
312,bus_single_decker,autobus,Transport,Drogowy,Noun,,,,,,
313,bush,krzew,Rośliny i drzewa,,Noun,,,,,,
314,busy,zajęty,Ludzie,Cechy i opis osób,Noun,,,,,,
315,butter,masło,Jedzenie,Nabiał,Noun,,,,,,
316,butterfly,motyl,Zwierzęta,Pająki i owady,Noun,,,,,,
317,butternut_squash,dynia piżmowa,Jedzenie,Warzywa i sałatki,Noun,,,,,,
318,button,guzik,Ubrania,Akcesoria,Noun,,,,,,
319,C,C (wielka litera),Alfabet,,Noun,,,,,,
320,c_-_lower_case,c (mała litera),Alfabet,,Noun,,,,,,
321,cabbage,kapusta,Jedzenie,Warzywa i sałatki,Noun,,,,,,
322,cable_tv,telewizja kablowa,Urządzenia elektryczne,Telewizja,Noun,,,,,,
323,cactus,kaktus,Rośliny i drzewa,,Noun,,,,,,
324,cafe,kawiarnia,Jedzenie,Spożywanie posiłków i karmienie,Noun,,,,,,
325,cafe_2,kawiarnia,Jedzenie,Spożywanie posiłków i karmienie,Noun,2,,,,,
326,cage,klatka,Zwierzęta,Siedliska i schronienia,Noun,,,,,,
327,cake,ciasto,Jedzenie,Pieczywo i wypieki,Noun,,,,,,
328,cake_bar,batonik ciastowy,Jedzenie,Pieczywo i wypieki,Noun,,,,,V,
329,cake_case,papilotka do babeczek,Jedzenie,Przybory i sprzęt kuchenny,Noun,,,,,,
330,cake_cup_cake,babeczka,Jedzenie,Pieczywo i wypieki,Noun,,,,,,
331,cake_mix,mieszanka do ciasta,Jedzenie,Pieczywo i wypieki,Noun,,,,,,
332,cake_slice,kawałek ciasta,Jedzenie,Pieczywo i wypieki,Noun,,,,,,
333,cake_slice_2,kawałek ciasta,Jedzenie,Pieczywo i wypieki,Noun,2,,,,,
334,cake_sponge,biszkopt,Jedzenie,Pieczywo i wypieki,Noun,,,,,,
335,cake_tin,forma do ciasta,Jedzenie,Przybory i sprzęt kuchenny,Noun,,,,,,
336,calculator,kalkulator,Praca i szkoła,Przybory szkolne i biurowe,Noun,,,,,,
337,calendar,kalendarz,Praca i szkoła,Plan zajęć,Noun,,,,,,
338,calendar_month,miesiąc,Określenia,Czas,Noun,,,,,,
339,calf,łydka,Zdrowie i higiena,Części ciała,Noun,,,,,,
340,camel,wielbłąd,Zwierzęta,Ssaki,Noun,,,,,,
341,camera,aparat fotograficzny,Urządzenia elektryczne,Media i fotografia,Noun,,,,,,
342,camera_compact,aparat kompaktowy,Urządzenia elektryczne,Media i fotografia,Noun,,,,,,
343,camera_SLR,lustrzanka,Urządzenia elektryczne,Media i fotografia,Noun,,,,,,
344,can_opener,otwieracz do puszek,Jedzenie,Przybory i sprzęt kuchenny,Noun,,,,,,
345,can_opener_electric,elektryczny otwieracz do puszek,Jedzenie,Przybory i sprzęt kuchenny,Noun,,,,,,
346,candle_2,świeca,Uroczystości,Przedmioty i dekoracje,Noun,2,,,,,
347,candy_cane,laska cukrowa,Jedzenie,Orzechy,Noun,,,,,,
348,candy_floss,wata cukrowa,Jedzenie,Słodycze i desery,Noun,,,,,,
349,candy_hearts,cukierki-serduszka,Jedzenie,Słodycze i desery,Noun,,,,,,
350,canoe,kajak,Transport,Wodny,Noun,,,,,,
351,cap,czapka z daszkiem,Ubrania,Odzież ogólna,Noun,,,,,,
352,car,samochód,Transport,Drogowy,Noun,,,,,,
353,car_2,samochód,Transport,Drogowy,Noun,2,,,,,
354,car_boot,bagażnik samochodu,Transport,Drogowy,Noun,,,,,,
355,car_bumper,zderzak,Transport,Drogowy,Noun,,,,,,
356,car_mechanic_1a,mechanik samochodowy,Ludzie,Zawody,Noun,1a,,,"_1x = postać męska, _2x = żeńska; a/b = odcień skóry",,
357,car_mechanic_1b,mechanik samochodowy,Ludzie,Zawody,Noun,1b,,,"_1x = postać męska, _2x = żeńska; a/b = odcień skóry",,
358,car_mechanic_2a,mechaniczka samochodowa,Ludzie,Zawody,Noun,2a,,,"_1x = postać męska, _2x = żeńska; a/b = odcień skóry",,
359,car_mechanic_2b,mechaniczka samochodowa,Ludzie,Zawody,Noun,2b,,,"_1x = postać męska, _2x = żeńska; a/b = odcień skóry",,
360,car_toy,samochodzik,Wypoczynek i zabawa,Zabawki,Noun,,,,,,
361,car_transporter,laweta (przewóz samochodów),Transport,Drogowy,Noun,,,,,V,
362,caravan,przyczepa kempingowa,Transport,Drogowy,Noun,,,,,,
363,carbohydrates,węglowodany,Jedzenie,Dieta,Noun,,,,,,
364,card,kartka,Uroczystości,Przedmioty i dekoracje,Noun,,,,,,
365,cardboard,karton,Praca i szkoła,Przybory szkolne i biurowe,Noun,,,,,,
366,care_assistant_1a,asystent opieki,Ludzie,Zawody,Noun,1a,,,6 wariantów; płeć postaci do sprawdzenia na obrazie; a/b = odcień skóry,V,
367,care_assistant_1b,asystent opieki,Ludzie,Zawody,Noun,1b,,,6 wariantów; płeć postaci do sprawdzenia na obrazie; a/b = odcień skóry,V,
368,care_assistant_2a,asystent opieki,Ludzie,Zawody,Noun,2a,,,6 wariantów; płeć postaci do sprawdzenia na obrazie; a/b = odcień skóry,V,
369,care_assistant_2b,asystent opieki,Ludzie,Zawody,Noun,2b,,,6 wariantów; płeć postaci do sprawdzenia na obrazie; a/b = odcień skóry,V,
370,care_assistant_3a,asystent opieki,Ludzie,Zawody,Noun,3a,,,6 wariantów; płeć postaci do sprawdzenia na obrazie; a/b = odcień skóry,V,
371,care_assistant_3b,asystent opieki,Ludzie,Zawody,Noun,3b,,,6 wariantów; płeć postaci do sprawdzenia na obrazie; a/b = odcień skóry,V,
372,care_assistant_4a,asystent opieki,Ludzie,Zawody,Noun,4a,,,6 wariantów; płeć postaci do sprawdzenia na obrazie; a/b = odcień skóry,V,
373,care_assistant_4b,asystent opieki,Ludzie,Zawody,Noun,4b,,,6 wariantów; płeć postaci do sprawdzenia na obrazie; a/b = odcień skóry,V,
374,care_assistant_5a,asystent opieki,Ludzie,Zawody,Noun,5a,,,6 wariantów; płeć postaci do sprawdzenia na obrazie; a/b = odcień skóry,V,
375,care_assistant_5b,asystent opieki,Ludzie,Zawody,Noun,5b,,,6 wariantów; płeć postaci do sprawdzenia na obrazie; a/b = odcień skóry,V,
376,care_assistant_6a,asystent opieki,Ludzie,Zawody,Noun,6a,,,6 wariantów; płeć postaci do sprawdzenia na obrazie; a/b = odcień skóry,V,
377,care_assistant_6b,asystent opieki,Ludzie,Zawody,Noun,6b,,,6 wariantów; płeć postaci do sprawdzenia na obrazie; a/b = odcień skóry,V,
378,caretaker_1a,woźny,Ludzie,Zawody,Noun,1a,,,"_1x = postać męska, _2x = żeńska; a/b = odcień skóry",,
379,caretaker_1b,woźny,Ludzie,Zawody,Noun,1b,,,"_1x = postać męska, _2x = żeńska; a/b = odcień skóry",,
380,caretaker_2a,woźna,Ludzie,Zawody,Noun,2a,,,"_1x = postać męska, _2x = żeńska; a/b = odcień skóry",,
381,caretaker_2b,woźna,Ludzie,Zawody,Noun,2b,,,"_1x = postać męska, _2x = żeńska; a/b = odcień skóry",,
382,carol_singer,kolędnik,Religia,Postacie,Noun,,,,brytyjski zwyczaj carol singing; polskie kolędowanie ma inną formę,K,
383,carpenter_1a,stolarz,Ludzie,Zawody,Noun,1a,,,"_1x = postać męska, _2x = żeńska; a/b = odcień skóry",,
384,carpenter_1b,stolarz,Ludzie,Zawody,Noun,1b,,,"_1x = postać męska, _2x = żeńska; a/b = odcień skóry",,
385,carpenter_2a,stolarka,Ludzie,Zawody,Noun,2a,,,"_1x = postać męska, _2x = żeńska; a/b = odcień skóry",,
386,carpenter_2b,stolarka,Ludzie,Zawody,Noun,2b,,,"_1x = postać męska, _2x = żeńska; a/b = odcień skóry",,
387,carrot,marchew,Jedzenie,Warzywa i sałatki,Noun,,,,,,
388,cart,wóz,Transport,Drogowy,Noun,,,,,V,
389,carton_1,karton (na napój),Napoje,Naczynia i miary,Noun,1,,,,V,
390,carton_2,karton (na napój),Napoje,Naczynia i miary,Noun,2,,,,V,
391,cash_point,bankomat,Pieniądze,,Noun,,,,,,
392,cashew,nerkowiec,Jedzenie,Orzechy,Noun,,,,,,
393,casserole,naczynie żaroodporne,Jedzenie,Przybory i sprzęt kuchenny,Noun,,,,,V,
394,casserole_1,naczynie żaroodporne,Jedzenie,Przybory i sprzęt kuchenny,Noun,1,,,,V,
395,casserole_2,zapiekanka,Jedzenie,Przybory i sprzęt kuchenny,Noun,2,,,,V,
396,cassette_tape,kaseta magnetofonowa,Urządzenia elektryczne,Media i fotografia,Noun,,,,,,
397,castle,zamek,Budynki i dom,Budynki i miejsca publiczne,Noun,,,,,,
398,castor_sugar,cukier puder drobny (castor),Jedzenie,Składniki,Noun,,,,brytyjski cukier bardzo drobnoziarnisty,K,
399,cat,kot,Zwierzęta,Ssaki,Noun,,,,,,
400,cat_bed,legowisko dla kota,Zwierzęta,Siedliska i schronienia,Noun,,,,,,
401,cat_biscuits,chrupki dla kota,Zwierzęta,Karmienie zwierząt,Noun,,,,,,
402,cat_food,karma dla kota,Zwierzęta,Karmienie zwierząt,Noun,,,,,,
403,caterpillar,gąsienica,Zwierzęta,Pająki i owady,Noun,,,,,,
404,catherine_wheel,fajerwerk wirujący,Uroczystości,Przedmioty i dekoracje,Noun,,,,brytyjska nazwa Catherine wheel,K,
405,cauliflower,kalafior,Jedzenie,Warzywa i sałatki,Noun,,,,,,
406,cctv,kamera monitoringu,Urządzenia elektryczne,Media i fotografia,Noun,,,,,,
407,CD_player_personal,przenośny odtwarzacz CD,Urządzenia elektryczne,Media i fotografia,Noun,,,,,,
408,ceiling,sufit,Budynki i dom,Konstrukcja i elementy budynku,Noun,,,,,,
409,ceiling_light,lampa sufitowa,Budynki i dom,Konstrukcja i elementy budynku,Noun,,,,,,
410,"celebrate_2_,_to",świętować,Uroczystości,Wydarzenia,Verb,,relacje społeczne i opieka,ndk,wariant obrazu,,
411,"celebrate_3_,_to",świętować,Uroczystości,Wydarzenia,Verb,,relacje społeczne i opieka,ndk,wariant obrazu,,
412,celebrate_birthday,świętowanie urodzin,Uroczystości,Wydarzenia,Noun,,,,,,
413,celebration,uroczystość,Uroczystości,Wydarzenia,Noun,,,,,,
414,celeriac,seler korzeniowy,Jedzenie,Warzywa i sałatki,Noun,,,,,,
415,celery,seler naciowy,Jedzenie,Warzywa i sałatki,Noun,,,,,,
416,cement_mixer,betoniarka,Narzędzia,Warsztatowe,Noun,,,,,,
417,centipede,stonoga,Zwierzęta,Pająki i owady,Noun,,,,,,
418,cereal,płatki śniadaniowe,Jedzenie,Pieczywo i wypieki,Noun,,,,,,
419,cereal_bowl,miseczka na płatki,Jedzenie,Przybory i sprzęt kuchenny,Noun,,,,,,
420,cereal_box_bran,pudełko płatków z otrębami,Jedzenie,Pieczywo i wypieki,Noun,,,,,,
421,cereal_box_museli,pudełko musli,Jedzenie,Pieczywo i wypieki,Noun,,,,,,
422,cereal_bran,płatki z otrębów,Jedzenie,Pieczywo i wypieki,Noun,,,,,,
423,cereal_museli,musli,Jedzenie,Pieczywo i wypieki,Noun,,,,,,
424,certificate,dyplom,Praca i szkoła,Edukacja,Noun,,,,,V,
425,chair,krzesło,Budynki i dom,Meble,Noun,,,,,,
426,chair_computer,krzesło do komputera,Budynki i dom,Meble,Noun,,,,,,
427,chair_dining,krzesło jadalniane,Budynki i dom,Meble,Noun,,,,,,
428,chair_wing_back,fotel uszak,Budynki i dom,Meble,Noun,,,,,,
429,chaise_lounge,szezlong,Budynki i dom,Meble,Noun,,,,,,
430,chalk,kreda,Praca i szkoła,Przybory szkolne i biurowe,Noun,,,,,,
431,chameleon,kameleon,Zwierzęta,Gady i płazy,Noun,,,,,,
432,champagne,szampan,Napoje,Rodzaje napojów,Noun,,,,,,
433,chandelier,żyrandol,Budynki i dom,Przedmioty i wyposażenie domu,Noun,,,,,,
434,"change_nappy_,_to",przewijać dziecko,Zdrowie i higiena,Czynności higieniczne,VerbComplex,,higiena i ubieranie się,ndk,dosłownie: zmieniać pieluchę,,
435,"change_tv_channel_,_to",zmieniać kanał,Urządzenia elektryczne,Telewizja,VerbComplex,,obsługa urządzeń,ndk,,,
436,channel_bbc_1,kanał BBC One,Urządzenia elektryczne,Telewizja,Noun,1,,,brytyjska stacja telewizyjna,K,
437,chapatti,czapati,Jedzenie,Pieczywo i wypieki,Noun,,,,,,
438,charge,ładowanie,Urządzenia elektryczne,Ogólne,Noun,,,,,,
439,charger_electric,ładowarka,Urządzenia elektryczne,Telefon,Noun,,,,,,
440,cheek,policzek,Zdrowie i higiena,Części ciała,Noun,,,,,,
441,cheese,ser,Jedzenie,Nabiał,Noun,,,,,,
442,cheese_brie,ser brie,Jedzenie,Nabiał,Noun,,,,,,
443,cheese_burger,cheeseburger,Jedzenie,Posiłki i przekąski,Interjection,,,,,,
444,cheese_grated,ser tarty,Jedzenie,Nabiał,Noun,,,,,,
445,"cheese_on_toast_,_melted",tost z roztopionym serem,Jedzenie,Posiłki i przekąski,Noun,,,,,,
446,cheese_slices,ser w plasterkach,Jedzenie,Nabiał,Noun,,,,,,
447,cheese_stilton,ser stilton,Jedzenie,Nabiał,Noun,,,,brytyjski ser pleśniowy,K,
448,cheetah,gepard,Zwierzęta,Ssaki,Noun,,,,,,
449,cheque_book,książeczka czekowa,Pieniądze,,Noun,,,,,,
450,cherry,wiśnia,Jedzenie,Owoce,Noun,,,,,,
451,chest_female,klatka piersiowa kobiety,Zdrowie i higiena,Części ciała,Noun,,,,,R,
452,chest_male,klatka piersiowa mężczyzny,Zdrowie i higiena,Części ciała,Noun,,,,,R,
453,chest_of_drawers,komoda,Budynki i dom,Meble,Noun,,,,,,
454,chestnuts,kasztany jadalne,Jedzenie,Orzechy,Noun,,,,,,
455,chewing_gum,guma do żucia,Jedzenie,Słodycze i desery,Noun,,,,,,
456,chewy_tube,rurka do żucia,Jedzenie,Spożywanie posiłków i karmienie,Noun,,,,pomoc terapeutyczna (sensoryka jamy ustnej),V,
457,chick,pisklę,Zwierzęta,Ptaki,Noun,,,,,V,
458,chicken,kurczak,Jedzenie,Drób,Noun,,,,,,
459,chicken_breast,pierś kurczaka,Jedzenie,Drób,Noun,,,,,,
460,chicken_deep_fried,kurczak smażony w głębokim tłuszczu,Jedzenie,Drób,Noun,,,,,,
461,chicken_house,kurnik,Zwierzęta,Siedliska i schronienia,Noun,,,,,,
462,chicken_leg,udko kurczaka,Jedzenie,Drób,Noun,,,,,,
463,chicken_live,kura,Zwierzęta,Ptaki,Noun,,,,,,
464,chicken_nuggets,nuggetsy z kurczaka,Jedzenie,Drób,Noun,,,,,,
465,chicken_pieces,kawałki kurczaka,Jedzenie,Drób,Noun,,,,,,
466,chicken_run,wybieg dla kur,Zwierzęta,Siedliska i schronienia,Noun,,,,,,
467,childrens_tv,telewizja dla dzieci,Urządzenia elektryczne,Telewizja,Noun,,,,,,
468,chilli_pepper,papryczka chili,Jedzenie,Warzywa i sałatki,Noun,,,,,,
469,chimney,komin,Budynki i dom,Konstrukcja i elementy budynku,Noun,,,,,,
470,chimpanzee,szympans,Zwierzęta,Ssaki,Noun,,,,,,
471,chin,broda (podbródek),Zdrowie i higiena,Części ciała,Noun,,,,,,
472,chinese_cabbage,kapusta pekińska,Jedzenie,Warzywa i sałatki,Noun,,,,,,
473,chinese_food,jedzenie chińskie,Jedzenie,Posiłki i przekąski,Noun,,,,,,
474,chip_and_pin_device,terminal płatniczy,Pieniądze,,Noun,,,,,V,
475,chipmunk,pręgowiec,Zwierzęta,Ssaki,Noun,,,,,,
476,chipmunk_2,pręgowiec,Zwierzęta,Ssaki,Noun,2,,,,,
477,chipmunk_3,pręgowiec,Zwierzęta,Ssaki,Noun,3,,,,,
478,chips,frytki,Jedzenie,Warzywa i sałatki,Noun,,,,,K,
479,chips_packet,frytki w opakowaniu,Jedzenie,Warzywa i sałatki,Noun,,,,,,
480,chisel,dłuto,Narzędzia,Warsztatowe,Noun,,,,,,
481,chocolate,czekolada,Jedzenie,Słodycze i desery,Noun,,,,,,
482,chocolate_bar,baton czekoladowy,Jedzenie,Słodycze i desery,Noun,,,,,,
483,chocolate_box,bombonierka,Jedzenie,Słodycze i desery,Noun,,,,,,
484,chocolate_chips,kawałki czekolady,Jedzenie,Słodycze i desery,Noun,,,,,,
485,chocolate_egg,czekoladowe jajko,Jedzenie,Słodycze i desery,Noun,,,,,,
486,chocolate_log,rolada czekoladowa,Jedzenie,Pieczywo i wypieki,Noun,,,,,V,
487,"chop_,_to",siekać,Jedzenie,Czynności kuchenne,Verb,,gotowanie i obróbka żywności,ndk,,,
488,chopping_board,deska do krojenia,Jedzenie,Przybory i sprzęt kuchenny,Noun,,,,,,
489,Christian,chrześcijanin,Religia,Ogólne,Noun,,,,,V,
490,Christmas,Boże Narodzenie,Religia,Święta,Noun,,,,,,
491,Christmas_bauble,bombka,Uroczystości,Przedmioty i dekoracje,Noun,,,,,,
492,Christmas_bell,dzwonek bożonarodzeniowy,Uroczystości,Przedmioty i dekoracje,Noun,,,,,,
493,Christmas_cake,świąteczne ciasto bakaliowe,Jedzenie,Pieczywo i wypieki,Noun,,,,"brytyjskie ciasto z bakaliami, pokryte lukrem",K,
494,Christmas_Day,pierwszy dzień Bożego Narodzenia,Religia,Święta,Noun,,,,,,
495,Christmas_decorations,ozdoby świąteczne,Uroczystości,Przedmioty i dekoracje,Noun,,,,,,
496,Christmas_Eve,Wigilia,Religia,Święta,Noun,,,,,,
497,Christmas_lights,lampki choinkowe,Uroczystości,Przedmioty i dekoracje,Noun,,,,,,
498,Christmas_pudding,świąteczny pudding,Jedzenie,Pieczywo i wypieki,Noun,,,,brytyjski deser bożonarodzeniowy,K,
499,Christmas_sock,skarpeta świąteczna,Uroczystości,Przedmioty i dekoracje,Noun,,,,brytyjski zwyczaj: skarpeta na prezenty,K,
500,Christmas_tree,choinka,Uroczystości,Przedmioty i dekoracje,Noun,,,,,,
501,Christmas_wreath,wieniec świąteczny,Uroczystości,Przedmioty i dekoracje,Noun,,,,,,
502,church,kościół,Budynki i dom,Budynki i miejsca publiczne,Noun,,,,,,
503,cigarette,papieros,Wypoczynek i zabawa,Ogólne,Noun,,,,,,
504,circle,koło,Określenia,Kształt,Noun,,,,,,
505,circle_time,zajęcia w kręgu (circle time),Praca i szkoła,Plan zajęć,Noun,,,,brytyjska metoda pracy z grupą,K,
506,circuit,obwód elektryczny,Urządzenia elektryczne,Ogólne,Noun,,,,,,
507,clamp,ścisk,Narzędzia,Warsztatowe,Noun,,,,,,
508,class_room,sala lekcyjna,Budynki i dom,Budynki i pomieszczenia szkolne,Noun,,,,,,
509,claw,pazur,Zwierzęta,Cechy i części ciała zwierząt,Noun,,,,,,
510,clay,glina,Nauka,Ogólne,Noun,,,,,,
511,clean_dishes,czyste naczynia,Określenia,Stan,Noun,,,,,,
512,clean_hands,czyste ręce,Zdrowie i higiena,Czynności higieniczne,Noun,,,,,V,
513,clean_room,czysty pokój,Określenia,Stan,Noun,,,,,,
514,"clean_shoes_,_to",czyścić buty,Budynki i dom,Prace domowe,VerbComplex,,prace domowe i ogrodowe,ndk,,,
515,"clean_window_,_to",myć okno,Budynki i dom,Prace domowe,VerbComplex,,prace domowe i ogrodowe,ndk,,,
516,cleaner_1a,sprzątacz,Ludzie,Zawody,Noun,1a,,,"_1x = postać męska, _2x = żeńska; a/b = odcień skóry",,
517,cleaner_1b,sprzątacz,Ludzie,Zawody,Noun,1b,,,"_1x = postać męska, _2x = żeńska; a/b = odcień skóry",,
518,cleaner_2a,sprzątaczka,Ludzie,Zawody,Noun,2a,,,"_1x = postać męska, _2x = żeńska; a/b = odcień skóry",,
519,cleaner_2b,sprzątaczka,Ludzie,Zawody,Noun,2b,,,"_1x = postać męska, _2x = żeńska; a/b = odcień skóry",,
520,cleaner_spray,spray czyszczący,Budynki i dom,Przedmioty i wyposażenie domu,Noun,,,,,,
521,cleaning_box,pojemnik na środki czystości,Budynki i dom,Przedmioty i wyposażenie domu,Noun,,,,,V,
522,climbing_rock,skała wspinaczkowa,Sport,Sprzęt i akcesoria,Noun,,,,,V,
523,climbing_wall,ściana wspinaczkowa,Sport,Sprzęt i akcesoria,Noun,,,,,,
524,clingfilm,folia spożywcza,Jedzenie,Przybory i sprzęt kuchenny,Noun,,,,,,
525,"clip_nails_,_to",obcinać paznokcie,Zdrowie i higiena,Czynności higieniczne,VerbComplex,,higiena i ubieranie się,ndk,,,
526,clipboard,podkładka z klipsem,Plastyka,Tworzenie,Noun,,,,,V,
527,clock,zegar,Urządzenia elektryczne,Ogólne,Noun,,,,,,
528,clock_radio,radiobudzik,Urządzenia elektryczne,Ogólne,Noun,,,,,,
529,close_to,blisko,Określenia,Położenie,Noun,,,,,,
530,closed,zamknięty,Określenia,Położenie,Noun,,,,,,
531,closed_shop,sklep zamknięty,Budynki i dom,Sklep,Noun,,,,,,
532,clothes_extra_large,rozmiar XL,Określenia,Ilość i miara,Noun,,,,,,
533,clothes_female,ubrania damskie,Ubrania,Odzież ogólna,Noun,,,,,,
534,clothes_generic,ubrania,Ubrania,Odzież ogólna,Noun,,,,,,
535,clothes_hanger,wieszak na ubrania,Budynki i dom,Przedmioty i wyposażenie domu,Noun,,,,,,
536,clothes_large,rozmiar L,Określenia,Ilość i miara,Noun,,,,,,
537,clothes_male,ubrania męskie,Ubrania,Odzież ogólna,Noun,,,,,,
538,clothes_medium,rozmiar M,Określenia,Ilość i miara,Noun,,,,,,
539,clothes_neat,schludne ubranie,Określenia,Stan,Noun,,,,,,
540,clothes_peg,klamerka do bielizny,Budynki i dom,Przedmioty i wyposażenie domu,Noun,,,,,,
541,clothes_small,rozmiar S,Określenia,Ilość i miara,Noun,,,,,,
542,cloudy,pochmurno,Środowisko,Pogoda,Noun,,,,,,
543,clover,koniczyna,Rośliny i drzewa,,Noun,,,,,,
544,coach,autokar,Transport,Drogowy,Noun,,,,,,
545,coat,płaszcz,Ubrania,Odzież ogólna,Noun,,,,,,
546,coated_spoon,łyżka powlekana,Jedzenie,Spożywanie posiłków i karmienie,Noun,,,,,V,
547,cockatiel,nimfa,Zwierzęta,Ptaki,Noun,,,,,,
548,cockerel,kogut,Zwierzęta,Ptaki,Noun,,,,,,
549,coconut,kokos,Jedzenie,Orzechy,Noun,,,,,,
550,coffee,kawa,Napoje,Rodzaje napojów,Noun,,,,,,
551,coffee_instant,kawa rozpuszczalna,Napoje,Rodzaje napojów,Noun,,,,,,
552,coffee_maker,ekspres do kawy,Jedzenie,Przybory i sprzęt kuchenny,Noun,,,,,,
553,coffee_table,stolik kawowy,Budynki i dom,Meble,Noun,,,,,,
554,colander,durszlak,Jedzenie,Przybory i sprzęt kuchenny,Noun,,,,,,
555,collar_1,kołnierz,Ubrania,Odzież ogólna,Noun,1,,,,,
556,collar_pet,obroża,Zwierzęta,Pielęgnacja zwierząt,Noun,,,,,,
557,colour,kolor,Plastyka,Kolory,Noun,,,,,,
558,coloured_paper,kolorowy papier,Plastyka,Tworzenie,Noun,,,,,,
559,colouring_book,kolorowanka,Wypoczynek i zabawa,Zabawki,Noun,,,,,,
560,comb,grzebień,Zdrowie i higiena,Przedmioty do higieny i pielęgnacji,Noun,,,,,,
561,"comb_animal_,_to",czesać zwierzę,Zwierzęta,Pielęgnacja zwierząt,VerbComplex,,relacje społeczne i opieka,ndk,,,
562,comedy_tv,komedia telewizyjna,Urządzenia elektryczne,Telewizja,Noun,,,,,,
563,comet,kometa,Nauka,Astronomia,Noun,,,,,,
564,communication_aid,pomoc komunikacyjna,Komunikacja,Sprzęt i pomoce AAC,Noun,,,,,,
565,communication_aid_2,pomoc komunikacyjna,Komunikacja,Sprzęt i pomoce AAC,Noun,2,,,,,
566,communication_aid_chat_2,komunikator Chat,Komunikacja,Sprzęt i pomoce AAC,Noun,2,,,nazwa handlowa urządzenia,B,
567,communication_aid_gotalk_9p,komunikator GoTalk 9+,Komunikacja,Sprzęt i pomoce AAC,Noun,9p,,,nazwa handlowa urządzenia,B,
568,communication_aid_listen_to_me,komunikator Listen to Me,Komunikacja,Sprzęt i pomoce AAC,Noun,,,,nazwa handlowa urządzenia,B,
569,communication_aid_scan4,komunikator Scan4,Komunikacja,Sprzęt i pomoce AAC,Noun,,,,nazwa handlowa urządzenia,B,
570,communication_aid_techspeak_32,komunikator TechSpeak 32,Komunikacja,Sprzęt i pomoce AAC,Noun,32,,,nazwa handlowa urządzenia,B,
571,communication_board,tablica komunikacyjna,Komunikacja,Sprzęt i pomoce AAC,Noun,,,,,,
572,communication_book,książka komunikacyjna,Komunikacja,Sprzęt i pomoce AAC,Noun,,,,,,
573,communication_book_portable,przenośna książka komunikacyjna,Komunikacja,Sprzęt i pomoce AAC,Noun,,,,,,
574,communication_device,urządzenie komunikacyjne (AAC),Komunikacja,Sprzęt i pomoce AAC,Noun,,,,,,
575,computer_1,komputer,Komputer,Sprzęt i obsługa,Noun,1,,,,,
576,computer_2,komputer,Komputer,Sprzęt i obsługa,Noun,2,,,,,
577,computer_art,grafika komputerowa,Komputer,Sprzęt i obsługa,Noun,,,,,,
578,computer_cable,kabel komputerowy,Komputer,Sprzęt i obsługa,Noun,,,,,,
579,computer_folder_open,otwarty folder,Komputer,Interfejs i polecenia,Noun,,,,,,
580,"computer_folder_open_,_to",otwierać folder,Komputer,Interfejs i polecenia,VerbComplex,,obsługa urządzeń,ndk,,,
581,computer_game,gra komputerowa,Komputer,Sprzęt i obsługa,Noun,,,,,,
582,computer_game_2,gra komputerowa,Komputer,Sprzęt i obsługa,Noun,2,,,,,
583,computer_keyboard,klawiatura komputerowa,Komputer,Sprzęt i obsługa,Noun,,,,,,
584,computer_monitor,monitor,Komputer,Sprzęt i obsługa,Noun,,,,,,
585,computer_mouse_1,mysz komputerowa,Komputer,Interfejs i polecenia,Noun,1,,,,,
586,computer_mouse_2,mysz komputerowa,Komputer,Sprzęt i obsługa,Noun,2,,,,,
587,computer_programme,program komputerowy,Komputer,Sprzęt i obsługa,Noun,,,,,,
588,computer_speaker,głośnik komputerowy,Komputer,Sprzęt i obsługa,Noun,,,,,,
589,concentrating_lady,skupiona (kobieta),Ludzie,Uczucia i emocje,Noun,,,,płeć postaci: kobieta,,
590,concentrating_man,skupiony (mężczyzna),Ludzie,Uczucia i emocje,Noun,,,,płeć postaci: mężczyzna,,
591,confused_lady,zdezorientowana (kobieta),Ludzie,Uczucia i emocje,Noun,,,,płeć postaci: kobieta,,
592,confused_man,zdezorientowany (mężczyzna),Ludzie,Uczucia i emocje,Noun,,,,płeć postaci: mężczyzna,,
593,conical_flask,kolba stożkowa,Jedzenie,Przybory i sprzęt kuchenny,Noun,,,,,V,
594,connection,połączenie,Komputer,Sprzęt i obsługa,Noun,,,,,,
595,"cook_,_to",gotować,Jedzenie,Czynności kuchenne,Verb,,gotowanie i obróbka żywności,ndk,,,
596,cook_chef_1a,kucharz,Ludzie,Zawody,Noun,1a,,,"_1x = postać męska, _2x = żeńska; a/b = odcień skóry",,
597,cook_chef_1b,kucharz,Ludzie,Zawody,Noun,1b,,,"_1x = postać męska, _2x = żeńska; a/b = odcień skóry",,
598,cook_chef_2a,kucharka,Ludzie,Zawody,Noun,2a,,,"_1x = postać męska, _2x = żeńska; a/b = odcień skóry",,
599,cook_chef_2b,kucharka,Ludzie,Zawody,Noun,2b,,,"_1x = postać męska, _2x = żeńska; a/b = odcień skóry",,
600,cook_school_1a,kucharz szkolny,Ludzie,Zawody,Noun,1a,,,tylko jeden wariant płci; płeć postaci do sprawdzenia na obrazie; a/b = odcień skóry,V,
601,cook_school_1b,kucharz szkolny,Ludzie,Zawody,Noun,1b,,,tylko jeden wariant płci; płeć postaci do sprawdzenia na obrazie; a/b = odcień skóry,V,
602,cooker,kuchenka,Jedzenie,Przybory i sprzęt kuchenny,Noun,,,,,,
603,cooking_oil,olej do smażenia,Jedzenie,Składniki,Noun,,,,,,
604,copy,kopiuj (polecenie),Komputer,Interfejs i polecenia,Noun,,,,,,
605,corned_beef,mielonka wołowa (corned beef),Jedzenie,Mięso,Noun,,,,,,
606,corner_cabinet,szafka narożna,Budynki i dom,Meble,Noun,,,,,,
607,corner_cabinet_2,szafka narożna,Budynki i dom,Meble,Noun,2,,,,,
608,cornet,rożek lodowy,Jedzenie,Słodycze i desery,Noun,,,,,,
609,cornflakes,płatki kukurydziane,Jedzenie,Pieczywo i wypieki,Noun,,,,,,
610,correct,poprawny,Określenia,Stan,Noun,,,,,,
611,correct_thought,dobra odpowiedź (poprawna myśl),Ludzie,Cechy i opis osób,Noun,,,,,V,
612,cot,łóżeczko dziecięce,Budynki i dom,Meble,Noun,,,,,,
613,cottage_cheese,serek wiejski,Jedzenie,Nabiał,Noun,,,,,,
614,cotton_bud,patyczek higieniczny,Zdrowie i higiena,Przedmioty do higieny i pielęgnacji,Noun,,,,,,
615,counters,żetony,Pieniądze,,Noun,,,,,,
616,country_Afghanistan,Afganistan (mapa),Kraje,Mapy,Noun,,,,,,
617,country_Alaska,Alaska (mapa),Kraje,Mapy,Noun,,,,stan USA,N,
618,country_Albania,Albania (mapa),Kraje,Mapy,Noun,,,,,,
619,country_Alderney,Alderney (mapa),Kraje,Mapy,Noun,,,,,N,
620,country_Algeria,Algieria (mapa),Kraje,Mapy,Noun,,,,,,
621,country_American_Samoa,Samoa Amerykańskie (mapa),Kraje,Mapy,Noun,,,,,N,
622,country_Andorra,Andora (mapa),Kraje,Mapy,Noun,,,,,,
623,country_Angola,Angola (mapa),Kraje,Mapy,Noun,,,,,,
624,country_Anguilla,Anguilla (mapa),Kraje,Mapy,Noun,,,,,N,
625,country_Antartica,Antarktyda (mapa),Kraje,Mapy,Noun,,,,literówka w źródle (Antartica),EN,
626,country_Antigua_Barbuda,Antigua i Barbuda (mapa),Kraje,Mapy,Noun,,,,,,
627,country_Argentina,Argentyna (mapa),Kraje,Mapy,Noun,,,,,,
628,country_Armenia,Armenia (mapa),Kraje,Mapy,Noun,,,,,,
629,country_Aruba,Aruba (mapa),Kraje,Mapy,Noun,,,,,N,
630,country_Austria,Austria (mapa),Kraje,Mapy,Noun,,,,,,
631,country_Azerbaijan,Azerbejdżan (mapa),Kraje,Mapy,Noun,,,,,,
632,country_Bahrain,Bahrajn (mapa),Kraje,Mapy,Noun,,,,,,
633,country_Bangladesh,Bangladesz (mapa),Kraje,Mapy,Noun,,,,,,
634,country_Barbados,Barbados (mapa),Kraje,Mapy,Noun,,,,,,
635,country_Belarus,Białoruś (mapa),Kraje,Mapy,Noun,,,,,,
636,country_Belgium,Belgia (mapa),Kraje,Mapy,Noun,,,,,,
637,country_Belize,Belize (mapa),Kraje,Mapy,Noun,,,,,,
638,country_Benin,Benin (mapa),Kraje,Mapy,Noun,,,,,,
639,country_Bermuda,Bermudy (mapa),Kraje,Mapy,Noun,,,,,N,
640,country_Bhutan,Bhutan (mapa),Kraje,Mapy,Noun,,,,,,
641,country_blank,mapa (pusta),Kraje,Mapy,Noun,,,,,,
642,country_Bonaire,Bonaire (mapa),Kraje,Mapy,Noun,,,,,N,
643,country_Bosnia_Herzegovina,Bośnia i Hercegowina (mapa),Kraje,Mapy,Noun,,,,,,
644,country_Botswana,Botswana (mapa),Kraje,Mapy,Noun,,,,,,
645,country_Bulgaria,Bułgaria (mapa),Kraje,Mapy,Noun,,,,,,
646,country_Burkina_Faso,Burkina Faso (mapa),Kraje,Mapy,Noun,,,,,,
647,country_Burundi,Burundi (mapa),Kraje,Mapy,Noun,,,,,,
648,country_Cambodia,Kambodża (mapa),Kraje,Mapy,Noun,,,,,,
649,country_Cameroon,Kamerun (mapa),Kraje,Mapy,Noun,,,,,,
650,country_Canada,Kanada (mapa),Kraje,Mapy,Noun,,,,,,
651,country_Canary_Islands,Wyspy Kanaryjskie (mapa),Kraje,Mapy,Noun,,,,,N,
652,country_Cape_Verde,Republika Zielonego Przylądka (mapa),Kraje,Mapy,Noun,,,,,,
653,country_Cayman_Islands,Kajmany (mapa),Kraje,Mapy,Noun,,,,,N,
654,country_Chad,Czad (mapa),Kraje,Mapy,Noun,,,,,,
655,country_Chile,Chile (mapa),Kraje,Mapy,Noun,,,,,,
656,country_China,Chiny (mapa),Kraje,Mapy,Noun,,,,,,
657,country_Colombia,Kolumbia (mapa),Kraje,Mapy,Noun,,,,,,
658,country_Comoros,Komory (mapa),Kraje,Mapy,Noun,,,,,,
659,country_Congo_Brazzaville,Kongo (Brazzaville) (mapa),Kraje,Mapy,Noun,,,,,,
660,country_Congo_Kinshasa,Kongo (Kinszasa) (mapa),Kraje,Mapy,Noun,,,,,,
661,country_Costa_Rica,Kostaryka (mapa),Kraje,Mapy,Noun,,,,,,
662,country_Croatia,Chorwacja (mapa),Kraje,Mapy,Noun,,,,,,
663,country_Cuba,Kuba (mapa),Kraje,Mapy,Noun,,,,,,
664,country_Cyprus,Cypr (mapa),Kraje,Mapy,Noun,,,,,,
665,country_Denmark,Dania (mapa),Kraje,Mapy,Noun,,,,,,
666,country_Djbouti,Dżibuti (mapa),Kraje,Mapy,Noun,,,,literówka w źródle (Djbouti),E,
667,country_Dominican_Republic,Dominikana (mapa),Kraje,Mapy,Noun,,,,,,
668,country_Ecuador,Ekwador (mapa),Kraje,Mapy,Noun,,,,,,
669,country_England,Anglia (mapa),Kraje,Mapy,Noun,,,,,N,
670,country_Eritrea,Erytrea (mapa),Kraje,Mapy,Noun,,,,,,
671,country_Estonia,Estonia (mapa),Kraje,Mapy,Noun,,,,,,
672,country_Ethiopia,Etiopia (mapa),Kraje,Mapy,Noun,,,,,,
673,country_Falkland_Islands,Falklandy (mapa),Kraje,Mapy,Noun,,,,,N,
674,country_Finland,Finlandia (mapa),Kraje,Mapy,Noun,,,,,,
675,country_France,Francja (mapa),Kraje,Mapy,Noun,,,,,,
676,country_Gabon,Gabon (mapa),Kraje,Mapy,Noun,,,,,,
677,country_Georgia,Gruzja (mapa),Kraje,Mapy,Noun,,,,,,
678,country_Germany,Niemcy (mapa),Kraje,Mapy,Noun,,,,,,
679,country_Ghana,Ghana (mapa),Kraje,Mapy,Noun,,,,,,
680,country_Gibraltar,Gibraltar (mapa),Kraje,Mapy,Noun,,,,,N,
681,country_Greece,Grecja (mapa),Kraje,Mapy,Noun,,,,,,
682,country_Greenland,Grenlandia (mapa),Kraje,Mapy,Noun,,,,,N,
683,country_Grenada,Grenada (mapa),Kraje,Mapy,Noun,,,,,,
684,country_Guernsey,Guernsey (mapa),Kraje,Mapy,Noun,,,,,N,
685,country_Guinea,Gwinea (mapa),Kraje,Mapy,Noun,,,,,,
686,country_Guinea_Bissau,Gwinea Bissau (mapa),Kraje,Mapy,Noun,,,,,,
687,country_Guyana,Gujana (mapa),Kraje,Mapy,Noun,,,,,,
688,country_Haiti,Haiti (mapa),Kraje,Mapy,Noun,,,,,,
689,country_Hawaii,Hawaje (mapa),Kraje,Mapy,Noun,,,,stan USA,N,
690,country_Honduras,Honduras (mapa),Kraje,Mapy,Noun,,,,,,
691,country_Hong_Kong,Hongkong (mapa),Kraje,Mapy,Noun,,,,,N,
692,country_Hungary,Węgry (mapa),Kraje,Mapy,Noun,,,,,,
693,country_Iceland,Islandia (mapa),Kraje,Mapy,Noun,,,,,,
694,country_India,Indie (mapa),Kraje,Mapy,Noun,,,,,,
695,country_Indonesia,Indonezja (mapa),Kraje,Mapy,Noun,,,,,,
696,country_Iran,Iran (mapa),Kraje,Mapy,Noun,,,,,,
697,country_Iraq,Irak (mapa),Kraje,Mapy,Noun,,,,,,
698,country_Ireland,Irlandia (mapa),Kraje,Mapy,Noun,,,,,,
699,country_Isle_of_Man,Wyspa Man (mapa),Kraje,Mapy,Noun,,,,,N,
700,country_Israel,Izrael (mapa),Kraje,Mapy,Noun,,,,,,
701,country_Italy,Włochy (mapa),Kraje,Mapy,Noun,,,,,,
702,country_Ivory_Coast,Wybrzeże Kości Słoniowej (mapa),Kraje,Mapy,Noun,,,,,,
703,country_Jamaica,Jamajka (mapa),Kraje,Mapy,Noun,,,,,,
704,country_Japan,Japonia (mapa),Kraje,Mapy,Noun,,,,,,
705,country_Jersey,Jersey (mapa),Kraje,Mapy,Noun,,,,,N,
706,country_Jordan,Jordania (mapa),Kraje,Mapy,Noun,,,,,,
707,country_Kazakhstan,Kazachstan (mapa),Kraje,Mapy,Noun,,,,,,
708,country_Kenya,Kenia (mapa),Kraje,Mapy,Noun,,,,,,
709,country_Kosovo,Kosowo (mapa),Kraje,Mapy,Noun,,,,status uznawany niepowszechnie,P,
710,country_Kuwait,Kuwejt (mapa),Kraje,Mapy,Noun,,,,,,
711,country_Kyrgyzstan,Kirgistan (mapa),Kraje,Mapy,Noun,,,,,,
712,country_Laos,Laos (mapa),Kraje,Mapy,Noun,,,,,,
713,country_Latvia,Łotwa (mapa),Kraje,Mapy,Noun,,,,,,
714,country_Lebanon,Liban (mapa),Kraje,Mapy,Noun,,,,,,
715,country_Lesotho,Lesotho (mapa),Kraje,Mapy,Noun,,,,,,
716,country_Liberia,Liberia (mapa),Kraje,Mapy,Noun,,,,,,
717,country_Libya,Libia (mapa),Kraje,Mapy,Noun,,,,,,
718,country_Liechtenstein,Liechtenstein (mapa),Kraje,Mapy,Noun,,,,,,
719,country_Lithuania,Litwa (mapa),Kraje,Mapy,Noun,,,,,,
720,country_Luxembourg,Luksemburg (mapa),Kraje,Mapy,Noun,,,,,,
721,country_Macedonia,Macedonia Północna (mapa),Kraje,Mapy,Noun,,,,w źródle: Macedonia (nazwa zmieniona w 2019),,
722,country_Madagascar,Madagaskar (mapa),Kraje,Mapy,Noun,,,,,,
723,country_Malaysia,Malezja (mapa),Kraje,Mapy,Noun,,,,,,
724,country_Maldives,Malediwy (mapa),Kraje,Mapy,Noun,,,,,,
725,country_Mali,Mali (mapa),Kraje,Mapy,Noun,,,,,,
726,country_Marshall_Islands,Wyspy Marshalla (mapa),Kraje,Mapy,Noun,,,,,,
727,country_Mauritania,Mauretania (mapa),Kraje,Mapy,Noun,,,,,,
728,country_Mauritius,Mauritius (mapa),Kraje,Mapy,Noun,,,,,,
729,country_Moldova,Mołdawia (mapa),Kraje,Mapy,Noun,,,,,,
730,country_Monaco,Monako (mapa),Kraje,Mapy,Noun,,,,,,
731,country_Mongolia,Mongolia (mapa),Kraje,Mapy,Noun,,,,,,
732,country_Morocco,Maroko (mapa),Kraje,Mapy,Noun,,,,,,
733,country_Namibia,Namibia (mapa),Kraje,Mapy,Noun,,,,,,
734,country_Nauru,Nauru (mapa),Kraje,Mapy,Noun,,,,,,
735,country_Nepal,Nepal (mapa),Kraje,Mapy,Noun,,,,,,
736,country_New_Caledonia,Nowa Kaledonia (mapa),Kraje,Mapy,Noun,,,,,N,
737,country_New_Zealand,Nowa Zelandia (mapa),Kraje,Mapy,Noun,,,,,,
738,country_Niger,Niger (mapa),Kraje,Mapy,Noun,,,,,,
739,country_Nigeria,Nigeria (mapa),Kraje,Mapy,Noun,,,,,,
740,country_Niue,Niue (mapa),Kraje,Mapy,Noun,,,,,N,
741,country_North_Korea,Korea Północna (mapa),Kraje,Mapy,Noun,,,,,,
742,country_Northern_Cyprus,Cypr Północny (mapa),Kraje,Mapy,Noun,,,,nieuznawany powszechnie,NP,
743,country_Norway,Norwegia (mapa),Kraje,Mapy,Noun,,,,,,
744,country_Oman,Oman (mapa),Kraje,Mapy,Noun,,,,,,
745,country_Pakistan,Pakistan (mapa),Kraje,Mapy,Noun,,,,,,
746,country_Palau,Palau (mapa),Kraje,Mapy,Noun,,,,,,
747,country_Palestine,Palestyna (mapa),Kraje,Mapy,Noun,,,,status uznawany niepowszechnie,P,
748,country_Panama,Panama (mapa),Kraje,Mapy,Noun,,,,,,
749,country_Papua_New_Guinea,Papua-Nowa Gwinea (mapa),Kraje,Mapy,Noun,,,,,,
750,country_Paraguay,Paragwaj (mapa),Kraje,Mapy,Noun,,,,,,
751,country_Pitcairn_Islands,Wyspy Pitcairn (mapa),Kraje,Mapy,Noun,,,,,N,
752,country_Qatar,Katar (mapa),Kraje,Mapy,Noun,,,,,,
753,country_Romania,Rumunia (mapa),Kraje,Mapy,Noun,,,,,,
754,country_Russian_Federation,Rosja (mapa),Kraje,Mapy,Noun,,,,,,
755,country_Rwanda,Rwanda (mapa),Kraje,Mapy,Noun,,,,,,
756,country_Samoa,Samoa (mapa),Kraje,Mapy,Noun,,,,,,
757,country_Sao_Tome_Principe,Wyspy Świętego Tomasza i Książęca (mapa),Kraje,Mapy,Noun,,,,,,
758,country_Saudi_Arabia,Arabia Saudyjska (mapa),Kraje,Mapy,Noun,,,,,,
759,country_Scotland,Szkocja (mapa),Kraje,Mapy,Noun,,,,,N,
760,country_Senegal,Senegal (mapa),Kraje,Mapy,Noun,,,,,,
761,country_Seychelles,Seszele (mapa),Kraje,Mapy,Noun,,,,,,
762,country_Sierra_Leone,Sierra Leone (mapa),Kraje,Mapy,Noun,,,,,,
763,country_Singapore,Singapur (mapa),Kraje,Mapy,Noun,,,,,,
764,country_Slovenia,Słowenia (mapa),Kraje,Mapy,Noun,,,,,,
765,country_Solomon_Islands,Wyspy Salomona (mapa),Kraje,Mapy,Noun,,,,,,
766,country_Somalia,Somalia (mapa),Kraje,Mapy,Noun,,,,,,
767,country_Somaliland,Somaliland (mapa),Kraje,Mapy,Noun,,,,nieuznawany powszechnie,NP,
768,country_South_Africa,Republika Południowej Afryki (mapa),Kraje,Mapy,Noun,,,,,,
769,country_South_Korea,Korea Południowa (mapa),Kraje,Mapy,Noun,,,,,,
770,country_Sri_Lanka,Sri Lanka (mapa),Kraje,Mapy,Noun,,,,,,
771,country_St._Kitts_and_Nevis,Saint Kitts i Nevis (mapa),Kraje,Mapy,Noun,,,,,,
772,country_St_Vincent_Grenadines,Saint Vincent i Grenadyny (mapa),Kraje,Mapy,Noun,,,,,,
773,country_Suriname,Surinam (mapa),Kraje,Mapy,Noun,,,,,,
774,country_Sweden,Szwecja (mapa),Kraje,Mapy,Noun,,,,,,
775,country_Switzerland,Szwajcaria (mapa),Kraje,Mapy,Noun,,,,,,
776,country_Syria,Syria (mapa),Kraje,Mapy,Noun,,,,,,
777,country_Taiwan,Tajwan (mapa),Kraje,Mapy,Noun,,,,status polityczny sporny,P,
778,country_Tanzania,Tanzania (mapa),Kraje,Mapy,Noun,,,,,,
779,country_Thailand,Tajlandia (mapa),Kraje,Mapy,Noun,,,,,,
780,country_The_Azores,Azory (mapa),Kraje,Mapy,Noun,,,,,N,
781,country_The_Bahamas,Bahamy (mapa),Kraje,Mapy,Noun,,,,,,
782,country_The_Czech_Republic,Czechy (mapa),Kraje,Mapy,Noun,,,,,,
783,country_The_Faroe_Islands,Wyspy Owcze (mapa),Kraje,Mapy,Noun,,,,,N,
784,country_The_Gambia,Gambia (mapa),Kraje,Mapy,Noun,,,,,,
785,country_The_Netherlands,Holandia (mapa),Kraje,Mapy,Noun,,,,,,
786,country_The_Sudan,Sudan (mapa),Kraje,Mapy,Noun,,,,,,
787,country_Togo,Togo (mapa),Kraje,Mapy,Noun,,,,,,
788,country_Trinidad_and_Tobago,Trynidad i Tobago (mapa),Kraje,Mapy,Noun,,,,,,
789,country_Tunisia,Tunezja (mapa),Kraje,Mapy,Noun,,,,,,
790,country_Turkey,Turcja (mapa),Kraje,Mapy,Noun,,,,,,
791,country_Ukraine,Ukraina (mapa),Kraje,Mapy,Noun,,,,,,
792,country_United_Arab_Emirates,Zjednoczone Emiraty Arabskie (mapa),Kraje,Mapy,Noun,,,,,,
793,country_United_Kingdom,Wielka Brytania (mapa),Kraje,Mapy,Noun,,,,,,
794,country_United_States,Stany Zjednoczone (mapa),Kraje,Mapy,Noun,,,,,,
795,country_Uzbekistan,Uzbekistan (mapa),Kraje,Mapy,Noun,,,,,,
796,country_Vanuatu,Vanuatu (mapa),Kraje,Mapy,Noun,,,,,,
797,country_Venezuela,Wenezuela (mapa),Kraje,Mapy,Noun,,,,,,
798,country_Viet_Nam,Wietnam (mapa),Kraje,Mapy,Noun,,,,,,
799,country_Wakes_Island,Wyspa Wake (mapa),Kraje,Mapy,Noun,,,,,N,
800,country_Wales,Walia (mapa),Kraje,Mapy,Noun,,,,,N,
801,country_Western_Sahara,Sahara Zachodnia (mapa),Kraje,Mapy,Noun,,,,status sporny,NP,
802,country_Yemen,Jemen (mapa),Kraje,Mapy,Noun,,,,,,
803,country_Zambia,Zambia (mapa),Kraje,Mapy,Noun,,,,,,
804,courgette,cukinia,Jedzenie,Warzywa i sałatki,Noun,,,,,,
805,"cover_food_,_to",przykrywać jedzenie,Jedzenie,Czynności kuchenne,VerbComplex,,gotowanie i obróbka żywności,ndk,,,
806,cow,krowa,Zwierzęta,Ssaki,Noun,,,,,,
807,cow_shed,obora,Zwierzęta,Siedliska i schronienia,Noun,,,,,,
808,crab,krab,Zwierzęta,Skorupiaki i mięczaki,Noun,,,,,,
809,cracker,cracker świąteczny,Uroczystości,Przedmioty i dekoracje,Noun,,,,brytyjski zwyczaj: papierowa tuba z niespodzianką,K,
810,craft_table,stół do prac plastycznych,Plastyka,Tworzenie,Noun,,,,,V,
811,cranberries,żurawina,Jedzenie,Owoce,Noun,,,,,,
812,cranberry_juice,sok żurawinowy,Napoje,Rodzaje napojów,Noun,,,,,,
813,crane,dźwig,Narzędzia,Warsztatowe,Noun,,,,,,
814,crane_fly,komarnica,Zwierzęta,Pająki i owady,Noun,,,,,,
815,crayon,kredka woskowa,Praca i szkoła,Przybory szkolne i biurowe,Noun,,,,,,
816,cream,śmietanka,Jedzenie,Nabiał,Noun,,,,,,
817,cream_2,śmietanka,Jedzenie,Nabiał,Noun,2,,,,,
818,cream_ointment,krem lub maść,Zdrowie i higiena,Przedmioty do higieny i pielęgnacji,Noun,,,,,,
819,creme_fraiche,creme fraiche,Jedzenie,Nabiał,Noun,,,,,,
820,cricket,krykiet,Sport,Dyscypliny i czynności sportowe,Noun,,,,,K,
821,cricket_2,świerszcz,Zwierzęta,Pająki i owady,Noun,2,,,,,
822,cricket_ball,piłka do krykieta,Sport,Sprzęt i akcesoria,Noun,,,,,,
823,cricket_bowler,miotacz w krykiecie (bowler),Sport,Dyscypliny i czynności sportowe,Noun,,,,,K,
824,crisp_bread,pieczywo chrupkie,Jedzenie,Posiłki i przekąski,Noun,,,,,,
825,crisps,chipsy ziemniaczane,Jedzenie,Posiłki i przekąski,Noun,,,,brytyjskie crisps = chipsy,K,
826,crisps_cheese_puffs,chrupki serowe,Jedzenie,Posiłki i przekąski,Noun,,,,,,
827,crocodile,krokodyl,Zwierzęta,Gady i płazy,Noun,,,,,,
828,crocodile_2,krokodyl,Zwierzęta,Gady i płazy,Noun,2,,,,,
829,croissant,rogalik croissant,Jedzenie,Pieczywo i wypieki,Noun,,,,,,
830,crooked,krzywy,Określenia,Kształt,Noun,,,,,,
831,cross,krzyż,Religia,Ogólne,Noun,,,,,,
832,cross_palm,krzyżyk z palmy,Religia,Ogólne,Noun,,,,,V,
833,crown,korona,Ubrania,Odzież ogólna,Noun,,,,,,
834,crown_of_thorns,korona cierniowa,Religia,Ogólne,Noun,,,,,,
835,Crucifixion,Ukrzyżowanie,Religia,Święta,Noun,,,,,,
836,cruiser,statek wycieczkowy,Transport,Wodny,Noun,,,,,V,
837,crunchy,chrupiący,Jedzenie,Spożywanie posiłków i karmienie,Noun,,,,,,
838,"crush_,_to",miażdżyć,Jedzenie,Czynności kuchenne,Verb,,gotowanie i obróbka żywności,ndk,,,
839,"crush_garlic_,_to",miażdżyć czosnek,Jedzenie,Czynności kuchenne,VerbComplex,,gotowanie i obróbka żywności,ndk,,,
840,crutches,kule,Zdrowie i higiena,Przedmioty i sprzęt medyczny,Noun,,,,,,
841,crutches_1,kule,Zdrowie i higiena,Przedmioty i sprzęt medyczny,Noun,1,,,,,
842,cucumber,ogórek,Jedzenie,Warzywa i sałatki,Noun,,,,,,
843,cup_non_spill,kubek niekapek,Jedzenie,Spożywanie posiłków i karmienie,Noun,,,,,,
844,cupboard,szafka,Budynki i dom,Meble,Noun,,,,,,
845,curly,kręcony,Określenia,Kształt,Noun,,,,,,
846,curly_hair,kręcone włosy,Ludzie,Cechy i opis osób,Noun,,,,,,
847,currants,porzeczki,Jedzenie,Owoce,Noun,,,,,,
848,curry,curry,Jedzenie,Posiłki i przekąski,Noun,,,,,,
849,curtains,zasłony,Budynki i dom,Przedmioty i wyposażenie domu,Noun,,,,,,
850,cushion_2,poduszka ozdobna,Budynki i dom,Meble,Noun,2,,,,,
851,cut,skaleczenie,Zdrowie i higiena,Dolegliwości i stany zdrowia,Noun,,,,,,
852,cut_and_paste,wycinanie i naklejanie,Plastyka,Tworzenie,Noun,,,,,,
853,"cycle_,_to",jeździć na rowerze,Sport,Dyscypliny i czynności sportowe,Verb,,ruch,ndk,czasownik ruchu (jeździć / jechać),M,
854,cycle_helmet,kask rowerowy,Ubrania,Odzież sportowa,Noun,,,,,,
855,cymbals_hand,talerze perkusyjne (ręczne),Muzyka,Instrumenty,Noun,,,,,V,
856,D,D (wielka litera),Alfabet,,Noun,,,,,,
857,d_-_lower_case,d (mała litera),Alfabet,,Noun,,,,,,
858,dad_parent,tata,Ludzie,Pokrewieństwo i relacje,Noun,,,,,,
859,daffodil,żonkil,Rośliny i drzewa,,Noun,,,,,,
860,dairy_products,nabiał,Jedzenie,Nabiał,Noun,,,,,,
861,daisy,stokrotka,Rośliny i drzewa,,Noun,,,,,,
862,danish_pastry,ciastko duńskie,Jedzenie,Pieczywo i wypieki,Noun,,,,,,
863,darts,rzutki,Wypoczynek i zabawa,Gry,Noun,,,,,,
864,date,data,Określenia,Czas,Noun,,,,,,
865,dates,daktyle,Jedzenie,Owoce,Noun,,,,,,
866,daughter,córka,Ludzie,Pokrewieństwo i relacje,Noun,,,,,,
867,day,dzień,Określenia,Czas,Noun,,,,,,
868,dead,martwy,Określenia,Stan,Noun,,,,,,
869,dead_plant,martwa roślina,Rośliny i drzewa,,Noun,,,,,,
870,"decorate_cake_,_to",dekorować ciasto,Jedzenie,Czynności kuchenne,VerbComplex,,gotowanie i obróbka żywności,ndk,,,
871,"decorate_tree_,_to",ubierać choinkę,Uroczystości,Wydarzenia,VerbComplex,,manipulowanie przedmiotami,ndk,adaptacja kulturowa: drzewko świąteczne,K,
872,deep,głęboki,Określenia,Ilość i miara,Noun,,,,,,
873,deep_fat_fryer,frytkownica,Jedzenie,Przybory i sprzęt kuchenny,Noun,,,,,,
874,deer,jeleń,Zwierzęta,Ssaki,Noun,,,,,,
875,delicious_drink,pyszny napój,Jedzenie,Spożywanie posiłków i karmienie,Noun,,,,,,
876,delicious_food,pyszne jedzenie,Jedzenie,Spożywanie posiłków i karmienie,Noun,,,,,,
877,delivery_person_1a,dostawca,Ludzie,Zawody,Noun,1a,,,"_1x = postać męska, _2x = żeńska; a/b = odcień skóry",,
878,delivery_person_1b,dostawca,Ludzie,Zawody,Noun,1b,,,"_1x = postać męska, _2x = żeńska; a/b = odcień skóry",,
879,delivery_person_2a,dostawczyni,Ludzie,Zawody,Noun,2a,,,"_1x = postać męska, _2x = żeńska; a/b = odcień skóry",,
880,delivery_person_2b,dostawczyni,Ludzie,Zawody,Noun,2b,,,"_1x = postać męska, _2x = żeńska; a/b = odcień skóry",,
881,delivery_trolley,wózek transportowy,Narzędzia,Warsztatowe,Noun,,,,,,
882,dental_floss,nić dentystyczna,Zdrowie i higiena,Przedmioty do higieny i pielęgnacji,Noun,,,,,,
883,dentist_1a,dentysta,Ludzie,Zawody,Noun,1a,,,"_1x = postać męska, _2x = żeńska; a/b = odcień skóry",,
884,dentist_1b,dentysta,Ludzie,Zawody,Noun,1b,,,"_1x = postać męska, _2x = żeńska; a/b = odcień skóry",,
885,dentist_2a,dentystka,Ludzie,Zawody,Noun,2a,,,"_1x = postać męska, _2x = żeńska; a/b = odcień skóry",,
886,dentist_2b,dentystka,Ludzie,Zawody,Noun,2b,,,"_1x = postać męska, _2x = żeńska; a/b = odcień skóry",,
887,deodorant,dezodorant,Zdrowie i higiena,Przedmioty do higieny i pielęgnacji,Noun,,,,,,
888,deodorant_spray,dezodorant w sprayu,Zdrowie i higiena,Przedmioty do higieny i pielęgnacji,Noun,,,,,,
889,desiring_lady,pragnąca (kobieta),Ludzie,Uczucia i emocje,Noun,,,,płeć postaci: kobieta,V,
890,desiring_man,pragnący (mężczyzna),Ludzie,Uczucia i emocje,Noun,,,,płeć postaci: mężczyzna,V,
891,desk,biurko,Budynki i dom,Meble,Noun,,,,,,
892,dessert,deser,Jedzenie,Słodycze i desery,Noun,,,,,,
893,dessert_menu,karta deserów,Jedzenie,Posiłki i przekąski,Noun,,,,,,
894,diamond,romb,Określenia,Kształt,Noun,,,,,V,
895,"dice_,_to",kroić w kostkę,Jedzenie,Czynności kuchenne,Verb,,gotowanie i obróbka żywności,ndk,,,
896,dictionary,słownik,Praca i szkoła,Przybory szkolne i biurowe,Noun,,,,,,
897,dining_table,stół jadalniany,Budynki i dom,Meble,Noun,,,,,,
898,dinner,obiad,Jedzenie,Spożywanie posiłków i karmienie,Noun,,,,,,
899,dinner_2_people,obiad dla dwóch osób,Jedzenie,Spożywanie posiłków i karmienie,Noun,,,,,,
900,dinner_3_people,obiad dla trzech osób,Jedzenie,Spożywanie posiłków i karmienie,Noun,,,,,,
901,dinner_cold,zimny obiad,Jedzenie,Posiłki i przekąski,Noun,,,,,,
902,dinner_hot,gorący obiad,Jedzenie,Spożywanie posiłków i karmienie,Noun,,,,,,
903,dinner_lady_1a,pracownica stołówki,Ludzie,Zawody,Noun,1a,,,angielskie dinner lady: pracownica szkolnej stołówki; tylko jeden wariant płci; płeć postaci do sprawdzenia na obrazie; a/b = odcień skóry,KV,
904,dinner_lady_1b,pracownica stołówki,Ludzie,Zawody,Noun,1b,,,angielskie dinner lady: pracownica szkolnej stołówki; tylko jeden wariant płci; płeć postaci do sprawdzenia na obrazie; a/b = odcień skóry,KV,
905,dinner_time,pora obiadu,Określenia,Czas,Noun,,,,,,
906,dinner_time_1,pora obiadu,Określenia,Czas,Noun,1,,,,,
907,dinosaur,dinozaur,Wypoczynek i zabawa,Zabawki,Noun,,,,,,
908,"dip_food_,_to",maczać jedzenie,Jedzenie,Czynności kuchenne,VerbComplex,,gotowanie i obróbka żywności,ndk,,,
909,dirty,brudny,Określenia,Stan,Noun,,,,,,
910,dirty_dishes,brudne naczynia,Jedzenie,Przybory i sprzęt kuchenny,Noun,,,,,,
911,disabled_sign,znak dostępności dla osób z niepełnosprawnością,Komunikacja,Znaki i oznaczenia,Noun,,,,,,
912,disabled_toilet,toaleta dla osób z niepełnosprawnością,Budynki i dom,Budynki i miejsca publiczne,Noun,,,,,,
913,disgusted_lady,zniesmaczona (kobieta),Ludzie,Uczucia i emocje,Noun,,,,płeć postaci: kobieta,,
914,disgusted_man,zniesmaczony (mężczyzna),Ludzie,Uczucia i emocje,Noun,,,,płeć postaci: mężczyzna,,
915,dish,naczynie,Jedzenie,Przybory i sprzęt kuchenny,Noun,,,,,V,
916,dish_cloth,ściereczka do naczyń,Jedzenie,Przybory i sprzęt kuchenny,Noun,,,,,,
917,dish_partitioned,talerz z przegródkami,Jedzenie,Spożywanie posiłków i karmienie,Noun,,,,,,
918,dishes,naczynia,Jedzenie,Przybory i sprzęt kuchenny,Noun,,,,,,
919,dishwasher,zmywarka,Budynki i dom,Sprzęt i urządzenia,Noun,,,,,,
920,dishwasher_powder,proszek do zmywarki,Budynki i dom,Przedmioty i wyposażenie domu,Noun,,,,,,
921,"dive_2_,_to",nurkować,Sport,Dyscypliny i czynności sportowe,Verb,,"gra, sport i wypoczynek",ndk,wariant obrazu; sprawdzić: nurkowanie czy skok do wody,V,
922,divide,dzielenie,Liczby,Działania i matematyka,Noun,,,,,,
923,doctor_1a,lekarz,Ludzie,Zawody,Noun,1a,,,"_1x = postać męska, _2x = żeńska; a/b = odcień skóry",,
924,doctor_1b,lekarz,Ludzie,Zawody,Noun,1b,,,"_1x = postać męska, _2x = żeńska; a/b = odcień skóry",,
925,doctor_2a,lekarka,Ludzie,Zawody,Noun,2a,,,"_1x = postać męska, _2x = żeńska; a/b = odcień skóry",,
926,doctor_2b,lekarka,Ludzie,Zawody,Noun,2b,,,"_1x = postać męska, _2x = żeńska; a/b = odcień skóry",,
927,dog,pies,Zwierzęta,Ssaki,Noun,,,,,,
928,dog_basket,kosz dla psa,Zwierzęta,Siedliska i schronienia,Noun,,,,,,
929,dog_bed,legowisko dla psa,Zwierzęta,Siedliska i schronienia,Noun,,,,,,
930,dog_biscuits,ciastka dla psa,Zwierzęta,Karmienie zwierząt,Noun,,,,,,
931,dog_chew,gryzak dla psa,Zwierzęta,Karmienie zwierząt,Noun,,,,,,
932,dog_coat,ubranko dla psa,Zwierzęta,Pielęgnacja zwierząt,Noun,,,,,,
933,dog_food,karma dla psa,Zwierzęta,Karmienie zwierząt,Noun,,,,,,
934,dog_kennel,buda dla psa,Zwierzęta,Siedliska i schronienia,Noun,,,,,,
935,doidy_cup,kubek Doidy,Jedzenie,Spożywanie posiłków i karmienie,Noun,,,,nazwa handlowa kubka z skośnym brzegiem,B,
936,doll,lalka,Wypoczynek i zabawa,Zabawki,Noun,,,,,,
937,dolphin,delfin,Zwierzęta,Ryby i ssaki morskie,Noun,,,,,,
938,donkey,osioł,Zwierzęta,Ssaki,Noun,,,,,,
939,door,drzwi,Budynki i dom,Konstrukcja i elementy budynku,Noun,,,,,,
940,door_2,drzwi,Budynki i dom,Konstrukcja i elementy budynku,Noun,2,,,,,
941,double_bed,łóżko dwuosobowe,Budynki i dom,Meble,Noun,,,,,,
942,doughnut,pączek,Jedzenie,Pieczywo i wypieki,Noun,,,,,,
943,dove,gołąbek,Zwierzęta,Ptaki,Noun,,,,,V,
944,down,w dół,Określenia,Kierunek,Noun,,,,,,
945,download,pobieranie,Komputer,Interfejs i polecenia,Noun,,,,,,
946,dragonfly,ważka,Zwierzęta,Pająki i owady,Noun,,,,,,
947,draining_board,ociekacz,Budynki i dom,Meble,Noun,,,,,,
948,drama,zajęcia teatralne,Praca i szkoła,Przedmioty szkolne,Noun,,,,,,
949,drama_class,lekcja teatralna,Praca i szkoła,Plan zajęć,Noun,,,,,,
950,drawer,szuflada,Budynki i dom,Meble,Noun,,,,,,
951,drawing_pin,pinezka,Praca i szkoła,Przybory szkolne i biurowe,Noun,,,,,,
952,dress,sukienka,Ubrania,Odzież ogólna,Noun,,,,,,
953,dresser,kredens,Budynki i dom,Meble,Noun,,,,,V,
954,dressing_gown,szlafrok,Ubrania,Odzież ogólna,Noun,,,,,,
955,dressing_table,toaletka,Budynki i dom,Meble,Noun,,,,,,
956,"dribble_football_,_to",prowadzić piłkę,Sport,Dyscypliny i czynności sportowe,Verb,,"gra, sport i wypoczynek",ndk,,,
957,drill_bit,wiertło,Narzędzia,Warsztatowe,Noun,,,,,,
958,drill_electric,wiertarka elektryczna,Narzędzia,Warsztatowe,Noun,,,,,,
959,drink,napój,Napoje,Rodzaje napojów,Noun,,,,,,
960,"drink_,_to",pić,Napoje,Czynności,Verb,,jedzenie i picie,ndk,,,
961,drink_cold,napój zimny,Napoje,Opis napojów,Noun,,,,,,
962,drink_cold_2,napój zimny,Napoje,Opis napojów,Noun,2,,,,,
963,drink_consistency_firm_spoon,napój o gęstej konsystencji (podawany łyżką),Jedzenie,Spożywanie posiłków i karmienie,Noun,,,,poziom konsystencji w dysfagii,V,
964,drink_consistency_honey_cup,napój o konsystencji miodu (w kubku),Jedzenie,Spożywanie posiłków i karmienie,Noun,,,,poziom konsystencji w dysfagii,V,
965,drink_consistency_juice_straw,napój o konsystencji soku (przez słomkę),Jedzenie,Spożywanie posiłków i karmienie,Noun,,,,poziom konsystencji w dysfagii,V,
966,drink_hot,napój gorący,Napoje,Opis napojów,Noun,,,,,,
967,drink_hot_2,napój gorący,Napoje,Opis napojów,Noun,2,,,,,
968,drink_large,napój duży,Napoje,Naczynia i miary,Noun,,,,,,
969,drink_medium,napój średni,Napoje,Naczynia i miary,Noun,,,,,,
970,drink_small,napój mały,Napoje,Naczynia i miary,Noun,,,,,,
971,drinks,napoje,Napoje,Opis napojów,Noun,,,,,,
972,dropper_pipette,pipeta z zakraplaczem,Nauka,Ogólne,Noun,,,,,,
973,drum,bęben,Muzyka,Instrumenty,Noun,,,,,,
974,drumsticks,pałeczki do perkusji,Wypoczynek i zabawa,Zabawki,Noun,,,,,,
975,dry,suchy,Określenia,Stan,Noun,,,,,,
976,"dry_face_,_to",wycierać twarz,Zdrowie i higiena,Czynności higieniczne,VerbComplex,,higiena i ubieranie się,ndk,,,
977,"dry_hair_,_to",suszyć włosy,Zdrowie i higiena,Czynności higieniczne,VerbComplex,,higiena i ubieranie się,ndk,,,
978,"dry_hair_2_,_to",suszyć włosy,Zdrowie i higiena,Czynności higieniczne,VerbComplex,,higiena i ubieranie się,ndk,wariant obrazu,,
979,"dry_hands_,_to",wycierać ręce,Zdrowie i higiena,Czynności higieniczne,VerbComplex,,higiena i ubieranie się,ndk,,,
980,"dry_hands_2_,_to",wycierać ręce,Zdrowie i higiena,Czynności higieniczne,VerbComplex,,higiena i ubieranie się,ndk,wariant obrazu,,
981,duck,kaczka,Zwierzęta,Ptaki,Noun,,,,,,
982,dumper_truck,wywrotka,Transport,Drogowy,Noun,,,,,,
983,"dust_,_to",ścierać kurz,Budynki i dom,Prace domowe,Verb,,prace domowe i ogrodowe,ndk,,,
984,DVD_player,odtwarzacz DVD,Urządzenia elektryczne,Media i fotografia,Noun,,,,,,
985,DVD_player_portable,przenośny odtwarzacz DVD,Urządzenia elektryczne,Media i fotografia,Noun,,,,,,
986,dysphagia_cup,kubek dla osób z dysfagią,Jedzenie,Spożywanie posiłków i karmienie,Noun,,,,,,
987,dysphagia_cup_2,kubek dla osób z dysfagią,Jedzenie,Spożywanie posiłków i karmienie,Noun,2,,,,,
988,dysphagia_cup_3,kubek dla osób z dysfagią,Jedzenie,Spożywanie posiłków i karmienie,Noun,3,,,,,
989,E,E (wielka litera),Alfabet,,Noun,,,,,,
990,e_-_lower_case,e (mała litera),Alfabet,,Noun,,,,,,
991,ear,ucho,Zdrowie i higiena,Części ciała,Noun,,,,,,
992,ear_muffs,nauszniki,Ubrania,Odzież ogólna,Noun,,,,,,
993,earrings,kolczyki,Ubrania,Biżuteria,Noun,,,,,,
994,Earth,Ziemia,Nauka,Astronomia,Noun,,,,,,
995,Earth_crust,skorupa ziemska,Nauka,Ogólne,Noun,,,,,,
996,Earth_inner_core,jądro wewnętrzne Ziemi,Nauka,Ogólne,Noun,,,,,,
997,Earth_mantle,płaszcz Ziemi,Nauka,Ogólne,Noun,,,,,,
998,Earth_outer_core,jądro zewnętrzne Ziemi,Nauka,Ogólne,Noun,,,,,,
999,Earths_atmosphere,atmosfera ziemska,Nauka,Astronomia,Noun,,,,,,
1000,earthworm,dżdżownica,Zwierzęta,Inne bezkręgowce,Noun,,,,,,
1001,earwig,skorek,Zwierzęta,Pająki i owady,Noun,,,,,,
1002,east,wschód,Określenia,Kierunek,Noun,,,,,,
1003,Easter_egg,jajko wielkanocne,Uroczystości,Przedmioty i dekoracje,Noun,,,,,V,
1004,Easter_egg_hunt,szukanie jajek wielkanocnych,Uroczystości,Wydarzenia,Noun,,,,,,
1005,egg,jajko,Jedzenie,Jaja,Noun,,,,,,
1006,egg_boiled,jajko gotowane,Jedzenie,Jaja,Noun,,,,,,
1007,egg_cup,kieliszek do jajka,Jedzenie,Przybory i sprzęt kuchenny,Noun,,,,,,
1008,egg_fried,jajko sadzone,Jedzenie,Jaja,Noun,,,,,,
1009,egg_on_toast,jajko na tostach,Jedzenie,Jaja,Noun,,,,,,
1010,egg_white,białko jajka,Jedzenie,Jaja,Noun,,,,,,
1011,egg_yolk,żółtko,Jedzenie,Jaja,Noun,,,,,,
1012,eggs,jajka,Jedzenie,Jaja,Noun,,,,,,
1013,eggs_scrambled,jajecznica,Jedzenie,Jaja,Noun,,,,,,
1014,eight,osiem,Liczby,Liczebniki,Noun,,,,,,
1015,eight_dots,osiem (kropki),Liczby,Liczebniki,Noun,,,,,,
1016,eighteen,osiemnaście,Liczby,Liczebniki,Noun,,,,,,
1017,eighth,jedna ósma,Określenia,Ilość i miara,Noun,,,,,,
1018,eighty,osiemdziesiąt,Liczby,Liczebniki,Noun,,,,,,
1019,either,jeden z dwóch,Określenia,Ilość i miara,Noun,,,,,V,
1020,elbow,łokieć,Zdrowie i higiena,Części ciała,Noun,,,,,,
1021,elearning,e-learning,Komputer,Sprzęt i obsługa,Noun,,,,,,
1022,elephant,słoń,Zwierzęta,Ssaki,Noun,,,,,,
1023,eleven,jedenaście,Liczby,Liczebniki,Noun,,,,,,
1024,elf,elf,Uroczystości,Przedmioty i dekoracje,Noun,,,,,,
1025,emagazine,e-magazyn,Komputer,Sprzęt i obsługa,Noun,,,,,,
1026,email,e-mail,Komputer,Interfejs i polecenia,Noun,,,,,,
1027,email_attachment,załącznik e-mail,Komputer,Interfejs i polecenia,Noun,,,,,,
1028,"email_send_,_to",wysyłać e-mail,Komputer,Interfejs i polecenia,VerbComplex,,obsługa urządzeń,ndk,,,
1029,emery_board,pilnik kartonowy do paznokci,Zdrowie i higiena,Przedmioty do higieny i pielęgnacji,Noun,,,,,,
1030,empty,pusty,Określenia,Ilość i miara,Noun,,,,,,
1031,energy_monitor,miernik zużycia energii,Urządzenia elektryczne,Ogólne,Noun,,,,,,
1032,engine,silnik,Transport,Drogowy,Noun,,,,,V,
1033,english,język angielski (przedmiot),Praca i szkoła,Przedmioty szkolne,Noun,,,,,V,
1034,english_class,lekcja angielskiego,Praca i szkoła,Plan zajęć,Noun,,,,,,
1035,enough,wystarczająco,Określenia,Ilość i miara,Noun,,,,,,
1036,"enter_,_to",wchodzić,Określenia,Kierunek,Verb,,ruch,ndk,,,
1037,"enter_door_,_to",wchodzić przez drzwi,Ludzie,Czynności,VerbComplex,,ruch,ndk,,,
1038,envelope,koperta,Praca i szkoła,Przybory szkolne i biurowe,Noun,,,,,,
1039,escalator,schody ruchome,Budynki i dom,Konstrukcja i elementy budynku,Noun,,,,,,
1040,even,równy,Określenia,Kształt,Noun,,,,,,
1041,every,każdy,Określenia,Ilość i miara,Noun,,,,,,
1042,excited_lady,podekscytowana (kobieta),Ludzie,Uczucia i emocje,Noun,,,,płeć postaci: kobieta,,
1043,excited_man,podekscytowany (mężczyzna),Ludzie,Uczucia i emocje,Noun,,,,płeć postaci: mężczyzna,,
1044,"exercise_,_to",ćwiczyć,Sport,Dyscypliny i czynności sportowe,Verb,,"gra, sport i wypoczynek",ndk,,,
1045,"exit_,_to",wychodzić,Określenia,Kierunek,Verb,,ruch,ndk,,,
1046,"exit_door_,_to",wychodzić przez drzwi,Ludzie,Czynności,VerbComplex,,ruch,ndk,,,
1047,extension_lead,przedłużacz,Urządzenia elektryczne,Ogólne,Noun,,,,,,
1048,extra,dodatkowy,Określenia,Ilość i miara,Noun,,,,,V,
1049,extra_2,dodatkowy,Określenia,Ilość i miara,Noun,2,,,,,
1050,extra_large,bardzo duży,Określenia,Ilość i miara,Noun,,,,,,
1051,eye,oko,Zdrowie i higiena,Części ciała,Noun,,,,,,
1052,eye_drops,krople do oczu,Zdrowie i higiena,Przedmioty i sprzęt medyczny,Noun,,,,,,
1053,eye_shadow,cień do powiek,Zdrowie i higiena,Przedmioty do higieny i pielęgnacji,Noun,,,,,,
1054,eyebrow,brew,Zdrowie i higiena,Części ciała,Noun,,,,,,
1055,eyebrow_bushy,brew krzaczasta,Zdrowie i higiena,Części ciała,Noun,,,,,,
1056,eyebrow_pencil,kredka do brwi,Zdrowie i higiena,Przedmioty do higieny i pielęgnacji,Noun,,,,,,
1057,eyelash,rzęsa,Zdrowie i higiena,Części ciała,Noun,,,,,,
1058,eyelash_curler,zalotka do rzęs,Zdrowie i higiena,Przedmioty do higieny i pielęgnacji,Noun,,,,,,
1059,eyes,oczy,Zdrowie i higiena,Części ciała,Noun,,,,,,
1060,eyes_blue,oczy niebieskie,Zdrowie i higiena,Części ciała,Noun,,,,,,
1061,eyes_brown,oczy brązowe,Zdrowie i higiena,Części ciała,Noun,,,,,,
1062,eyes_closed,zamknięte oczy,Ludzie,Cechy i opis osób,Noun,,,,,,
1063,eyes_green,oczy zielone,Zdrowie i higiena,Części ciała,Noun,,,,,,
1064,F,F (wielka litera),Alfabet,,Noun,,,,,,
1065,f_-_lower_case,f (mała litera),Alfabet,,Noun,,,,,,
1066,fabric,tkanina,Nauka,Ogólne,Noun,,,,,,
1067,face_neutral_3,twarz neutralna,Ludzie,Uczucia i emocje,Noun,3,,,,,
1068,fairy,wróżka,Uroczystości,Przedmioty i dekoracje,Noun,,,,,,
1069,family,rodzina,Ludzie,Pokrewieństwo i relacje,Noun,,,,,,
1070,family_2,rodzina,Ludzie,Pokrewieństwo i relacje,Noun,2,,,,,
1071,fancy,elegancki,Określenia,Stan,Noun,,,,,,
1072,fangs,kły,Zwierzęta,Cechy i części ciała zwierząt,Noun,,,,,,
1073,farmer_1a,rolnik,Ludzie,Zawody,Noun,1a,,,"_1x = postać męska, _2x = żeńska; a/b = odcień skóry",,
1074,farmer_1b,rolnik,Ludzie,Zawody,Noun,1b,,,"_1x = postać męska, _2x = żeńska; a/b = odcień skóry",,
1075,farmer_2a,rolniczka,Ludzie,Zawody,Noun,2a,,,"_1x = postać męska, _2x = żeńska; a/b = odcień skóry",,
1076,farmer_2b,rolniczka,Ludzie,Zawody,Noun,2b,,,"_1x = postać męska, _2x = żeńska; a/b = odcień skóry",,
1077,fast_2,szybki,Określenia,Ilość i miara,Noun,2,,,,,
1078,fat,gruby,Ludzie,Cechy i opis osób,Noun,,,,,,
1079,Father_Christmas,Święty Mikołaj,Uroczystości,Przedmioty i dekoracje,Noun,,,,,,
1080,Father_Christmas_sack,worek Świętego Mikołaja,Uroczystości,Przedmioty i dekoracje,Noun,,,,,,
1081,fats,tłuszcze,Jedzenie,Dieta,Noun,,,,,,
1082,fats_high,dużo tłuszczu,Jedzenie,Dieta,Noun,,,,,,
1083,fats_low,mało tłuszczu,Jedzenie,Dieta,Noun,,,,,,
1084,favourite,ulubiony,Określenia,Ilość i miara,Noun,,,,,,
1085,fax_machine,faks,Urządzenia elektryczne,Ogólne,Noun,,,,,,
1086,feather,pióro,Zwierzęta,Cechy i części ciała zwierząt,Noun,,,,,,
1087,features_facial,rysy twarzy,Zdrowie i higiena,Części ciała,Noun,,,,,,
1088,"feed_cat_,_to",karmić kota,Zwierzęta,Karmienie zwierząt,VerbComplex,,relacje społeczne i opieka,ndk,,,
1089,"feed_dog_,_to",karmić psa,Zwierzęta,Karmienie zwierząt,VerbComplex,,relacje społeczne i opieka,ndk,,,
1090,feet,stopy,Zdrowie i higiena,Części ciała,Noun,,,,,,
1091,felt_tips,pisaki,Praca i szkoła,Przybory szkolne i biurowe,Noun,,,,,,
1092,female_body,ciało kobiety,Zdrowie i higiena,Części ciała,Noun,,,,anatomia,R,
1093,female_side,strona żeńska,Ludzie,Uczucia i emocje,Noun,,,,,V,
1094,fennel,koper włoski,Jedzenie,Warzywa i sałatki,Noun,,,,,,
1095,ferret,fretka,Zwierzęta,Ssaki,Noun,,,,,,
1096,ferry,prom,Transport,Wodny,Noun,,,,,,
1097,fibre_optic_lamp,lampa światłowodowa,Wypoczynek i zabawa,Zabawki,Noun,,,,,,
1098,field,pole,Budynki i dom,Ogród i gospodarstwo,Noun,,,,,,
1099,fifteen,piętnaście,Liczby,Liczebniki,Noun,,,,,,
1100,fifty,pięćdziesiąt,Liczby,Liczebniki,Noun,,,,,,
1101,fifty_percent,pięćdziesiąt procent,Określenia,Ilość i miara,Noun,,,,,,
1102,fig,figa,Jedzenie,Owoce,Noun,,,,,,
1103,file,pilnik,Narzędzia,Warsztatowe,Noun,,,,,,
1104,"file_nails_,_to",piłować paznokcie,Zdrowie i higiena,Czynności higieniczne,VerbComplex,,higiena i ubieranie się,ndk,,,
1105,filing_cabinet,szafka na dokumenty,Budynki i dom,Meble,Noun,,,,,,
1106,filter_paper,bibuła filtracyjna,Nauka,Ogólne,Noun,,,,,,
1107,fin,płetwa,Zwierzęta,Cechy i części ciała zwierząt,Noun,,,,,,
1108,finger,palec (ręki),Zdrowie i higiena,Części ciała,Noun,,,,,,
1109,finger_painting,malowanie palcami,Plastyka,Tworzenie,Noun,,,,,,
1110,finger_puppet,pacynka na palec,Wypoczynek i zabawa,Zabawki,Noun,,,,,,
1111,fingernail,paznokieć u ręki,Zdrowie i higiena,Części ciała,Noun,,,,,,
1112,fingernails,paznokcie u rąk,Zdrowie i higiena,Części ciała,Noun,,,,,,
1113,fingers,palce (rąk),Zdrowie i higiena,Części ciała,Noun,,,,,,
1114,finish,koniec,Określenia,Kierunek,Noun,,,,,V,
1115,fir_tree,jodła,Rośliny i drzewa,,Noun,,,,,V,
1116,fire,ogień,Określenia,Stan,Noun,,,,,,
1117,fire_engine,wóz strażacki,Transport,Drogowy,Noun,,,,,,
1118,fire_helmet,hełm strażacki,Ubrania,Odzież ogólna,Noun,,,,,,
1119,fire_hose,wąż strażacki,Narzędzia,Warsztatowe,Noun,,,,,,
1120,fireplace,kominek,Budynki i dom,Konstrukcja i elementy budynku,Noun,,,,,,
1121,fireworks,fajerwerki,Uroczystości,Przedmioty i dekoracje,Noun,,,,,,
1122,fireworks_2,fajerwerki,Uroczystości,Przedmioty i dekoracje,Noun,2,,,,,
1123,first,pierwszy,Określenia,Położenie,Noun,,,,,,
1124,first_2,pierwszy,Określenia,Położenie,Noun,2,,,,,
1125,first_aid_box,apteczka pierwszej pomocy,Zdrowie i higiena,Przedmioty i sprzęt medyczny,Noun,,,,,,
1126,first_base,pierwsza baza,Sport,Sprzęt i akcesoria,Noun,,,,,,
1127,fish,ryba,Zwierzęta,Ryby i ssaki morskie,Noun,,,,,,
1128,"fish_,_to",łowić ryby,Sport,Dyscypliny i czynności sportowe,Verb,,"gra, sport i wypoczynek",ndk,,,
1129,fish_and_chips,ryba z frytkami (fish and chips),Jedzenie,Posiłki i przekąski,Noun,,,,brytyjskie danie,K,
1130,fish_battered,ryba w cieście,Jedzenie,Posiłki i przekąski,Noun,,,,,,
1131,fish_burger,burger rybny,Jedzenie,Posiłki i przekąski,Noun,,,,,,
1132,fish_deep_fried,ryba smażona w głębokim tłuszczu,Jedzenie,Posiłki i przekąski,Noun,,,,,,
1133,fish_food,pokarm dla ryb,Zwierzęta,Karmienie zwierząt,Noun,,,,,,
1134,fish_koi_carp,karp koi,Zwierzęta,Ryby i ssaki morskie,Noun,,,,,,
1135,fish_tank,zbiornik na ryby,Zwierzęta,Siedliska i schronienia,Noun,,,,,V,
1136,fish_tropical,ryba tropikalna,Zwierzęta,Ryby i ssaki morskie,Noun,,,,,,
1137,fist,pięść,Zdrowie i higiena,Części ciała,Noun,,,,,,
1138,five,pięć,Liczby,Liczebniki,Noun,,,,,,
1139,five_dots,pięć (kropki),Liczby,Liczebniki,Noun,,,,,,
1140,flag_Aboriginal_Peoples,Aborygeni (flaga),Kraje,Flagi,Noun,,,,flaga ludów tubylczych Australii,N,
1141,flag_Abu_Dhabi_-_UAE,Abu Zabi (ZEA) (flaga),Kraje,Flagi,Noun,,,,emirat,N,
1142,flag_Afghanistan,Afganistan (flaga),Kraje,Flagi,Noun,,,,,,
1143,flag_African_Union,Unia Afrykańska (flaga),Kraje,Flagi,Noun,,,,organizacja,N,
1144,flag_Ajman_Dubia_-_UAE,Adżman (ZEA) (flaga),Kraje,Flagi,Noun,,,,"emirat; w źródle nazwa „Ajman Dubia"", do sprawdzenia na obrazie",EN,
1145,flag_Aland_Islands_-_Finland,Wyspy Alandzkie (Finlandia) (flaga),Kraje,Flagi,Noun,,,,,N,
1146,flag_Alaska,Alaska (flaga),Kraje,Flagi,Noun,,,,stan USA,N,
1147,flag_Albania,Albania (flaga),Kraje,Flagi,Noun,,,,,,
1148,flag_Alderney,Alderney (flaga),Kraje,Flagi,Noun,,,,,N,
1149,flag_Algeria,Algieria (flaga),Kraje,Flagi,Noun,,,,,,
1150,flag_American_Samoa,Samoa Amerykańskie (flaga),Kraje,Flagi,Noun,,,,,N,
1151,flag_Andorra,Andora (flaga),Kraje,Flagi,Noun,,,,,,
1152,flag_Angola,Angola (flaga),Kraje,Flagi,Noun,,,,,,
1153,flag_Anguilla,Anguilla (flaga),Kraje,Flagi,Noun,,,,,N,
1154,flag_Antartica,Antarktyda (flaga),Kraje,Flagi,Noun,,,,literówka w źródle (Antartica),EN,
1155,flag_Antigua_Barbuda,Antigua i Barbuda (flaga),Kraje,Flagi,Noun,,,,,,
1156,flag_Argentina,Argentyna (flaga),Kraje,Flagi,Noun,,,,,,
1157,flag_Armenia,Armenia (flaga),Kraje,Flagi,Noun,,,,,,
1158,flag_Aruba,Aruba (flaga),Kraje,Flagi,Noun,,,,,N,
1159,flag_Asean,ASEAN (flaga),Kraje,Flagi,Noun,,,,organizacja,N,
1160,flag_Austria,Austria (flaga),Kraje,Flagi,Noun,,,,,,
1161,flag_Azerbaijan,Azerbejdżan (flaga),Kraje,Flagi,Noun,,,,,,
1162,flag_Bahrain,Bahrajn (flaga),Kraje,Flagi,Noun,,,,,,
1163,flag_Bangladesh,Bangladesz (flaga),Kraje,Flagi,Noun,,,,,,
1164,flag_Barbados,Barbados (flaga),Kraje,Flagi,Noun,,,,,,
1165,flag_Belarus,Białoruś (flaga),Kraje,Flagi,Noun,,,,,,
1166,flag_Belgium,Belgia (flaga),Kraje,Flagi,Noun,,,,,,
1167,flag_Belize,Belize (flaga),Kraje,Flagi,Noun,,,,,,
1168,flag_Benin,Benin (flaga),Kraje,Flagi,Noun,,,,,,
1169,flag_Bermuda,Bermudy (flaga),Kraje,Flagi,Noun,,,,,N,
1170,flag_Bhutan,Bhutan (flaga),Kraje,Flagi,Noun,,,,,,
1171,flag_blank,flaga (pusta),Kraje,Flagi,Noun,,,,,,
1172,flag_Bolivia,Boliwia (flaga),Kraje,Flagi,Noun,,,,,,
1173,flag_Bonaire_Dutch_Antillies,Bonaire (Antyle Holenderskie) (flaga),Kraje,Flagi,Noun,,,,literówka w źródle (Antillies),EN,
1174,flag_Bosnia_Herzegovina,Bośnia i Hercegowina (flaga),Kraje,Flagi,Noun,,,,,,
1175,flag_Botswana,Botswana (flaga),Kraje,Flagi,Noun,,,,,,
1176,flag_Brazil,Brazylia (flaga),Kraje,Flagi,Noun,,,,,,
1177,flag_Brunei,Brunei (flaga),Kraje,Flagi,Noun,,,,,,
1178,flag_Bulgaria,Bułgaria (flaga),Kraje,Flagi,Noun,,,,,,
1179,flag_Burkina_Faso,Burkina Faso (flaga),Kraje,Flagi,Noun,,,,,,
1180,flag_Burundi,Burundi (flaga),Kraje,Flagi,Noun,,,,,,
1181,flag_Cambodia,Kambodża (flaga),Kraje,Flagi,Noun,,,,,,
1182,flag_Cameroon,Kamerun (flaga),Kraje,Flagi,Noun,,,,,,
1183,flag_Canada,Kanada (flaga),Kraje,Flagi,Noun,,,,,,
1184,flag_Canary_Islands,Wyspy Kanaryjskie (flaga),Kraje,Flagi,Noun,,,,,N,
1185,flag_Cape_Verde,Republika Zielonego Przylądka (flaga),Kraje,Flagi,Noun,,,,,,
1186,flag_Caricom,CARICOM (flaga),Kraje,Flagi,Noun,,,,organizacja,N,
1187,flag_Cayman_Islands,Kajmany (flaga),Kraje,Flagi,Noun,,,,,N,
1188,flag_Central_African_Republic,Republika Środkowoafrykańska (flaga),Kraje,Flagi,Noun,,,,,,
1189,flag_Chad,Czad (flaga),Kraje,Flagi,Noun,,,,,,
1190,flag_Chile,Chile (flaga),Kraje,Flagi,Noun,,,,,,
1191,flag_China,Chiny (flaga),Kraje,Flagi,Noun,,,,,,
1192,flag_Colombia,Kolumbia (flaga),Kraje,Flagi,Noun,,,,,,
1193,flag_Comoros,Komory (flaga),Kraje,Flagi,Noun,,,,,,
1194,flag_Congo_Brazzaville,Kongo (Brazzaville) (flaga),Kraje,Flagi,Noun,,,,,,
1195,flag_Congo_Kinshasa,Kongo (Kinszasa) (flaga),Kraje,Flagi,Noun,,,,,,
1196,flag_Cook_Islands,Wyspy Cooka (flaga),Kraje,Flagi,Noun,,,,,N,
1197,flag_Costa_Rica,Kostaryka (flaga),Kraje,Flagi,Noun,,,,,,
1198,flag_Croatia,Chorwacja (flaga),Kraje,Flagi,Noun,,,,,,
1199,flag_Cuba,Kuba (flaga),Kraje,Flagi,Noun,,,,,,
1200,flag_Cyprus,Cypr (flaga),Kraje,Flagi,Noun,,,,,,
1201,flag_Denmark,Dania (flaga),Kraje,Flagi,Noun,,,,,,
1202,flag_Djibouti,Dżibuti (flaga),Kraje,Flagi,Noun,,,,,,
1203,flag_Dominica,Dominika (flaga),Kraje,Flagi,Noun,,,,,,
1204,flag_Dominican_Republic,Dominikana (flaga),Kraje,Flagi,Noun,,,,,,
1205,flag_Ecuador,Ekwador (flaga),Kraje,Flagi,Noun,,,,,,
1206,flag_Egypt,Egipt (flaga),Kraje,Flagi,Noun,,,,,,
1207,flag_El_Salvador,Salwador (flaga),Kraje,Flagi,Noun,,,,,,
1208,flag_England,Anglia (flaga),Kraje,Flagi,Noun,,,,,N,
1209,flag_Equatorial_Guinea,Gwinea Równikowa (flaga),Kraje,Flagi,Noun,,,,,,
1210,flag_Eritrea,Erytrea (flaga),Kraje,Flagi,Noun,,,,,,
1211,flag_Estonia,Estonia (flaga),Kraje,Flagi,Noun,,,,,,
1212,flag_Ethiopia,Etiopia (flaga),Kraje,Flagi,Noun,,,,,,
1213,flag_European_Union,Unia Europejska (flaga),Kraje,Flagi,Noun,,,,organizacja,N,
1214,flag_Falkland_Islands,Falklandy (flaga),Kraje,Flagi,Noun,,,,,N,
1215,flag_Fiji,Fidżi (flaga),Kraje,Flagi,Noun,,,,,,
1216,flag_Finland,Finlandia (flaga),Kraje,Flagi,Noun,,,,,,
1217,flag_France,Francja (flaga),Kraje,Flagi,Noun,,,,,,
1218,flag_Fujairah_-_UAE,Fudżajra (ZEA) (flaga),Kraje,Flagi,Noun,,,,emirat,N,
1219,flag_Gabon,Gabon (flaga),Kraje,Flagi,Noun,,,,,,
1220,flag_Georgia,Gruzja (flaga),Kraje,Flagi,Noun,,,,,,
1221,flag_Germany,Niemcy (flaga),Kraje,Flagi,Noun,,,,,,
1222,flag_Ghana,Ghana (flaga),Kraje,Flagi,Noun,,,,,,
1223,flag_Gibraltar,Gibraltar (flaga),Kraje,Flagi,Noun,,,,,N,
1224,flag_Greece,Grecja (flaga),Kraje,Flagi,Noun,,,,,,
1225,flag_Greenland,Grenlandia (flaga),Kraje,Flagi,Noun,,,,,N,
1226,flag_Grenada,Grenada (flaga),Kraje,Flagi,Noun,,,,,,
1227,flag_Guam,Guam (flaga),Kraje,Flagi,Noun,,,,,N,
1228,flag_Guernsey,Guernsey (flaga),Kraje,Flagi,Noun,,,,,N,
1229,flag_Guinea,Gwinea (flaga),Kraje,Flagi,Noun,,,,,,
1230,flag_Guinea_Bissau,Gwinea Bissau (flaga),Kraje,Flagi,Noun,,,,,,
1231,flag_Guyana,Gujana (flaga),Kraje,Flagi,Noun,,,,,,
1232,flag_Haiti,Haiti (flaga),Kraje,Flagi,Noun,,,,,,
1233,flag_Hawaii,Hawaje (flaga),Kraje,Flagi,Noun,,,,stan USA,N,
1234,flag_Honduras,Honduras (flaga),Kraje,Flagi,Noun,,,,,,
1235,flag_Hong_Kong_-_China,Hongkong (Chiny) (flaga),Kraje,Flagi,Noun,,,,,N,
1236,flag_Hungary,Węgry (flaga),Kraje,Flagi,Noun,,,,,,
1237,flag_Iceland,Islandia (flaga),Kraje,Flagi,Noun,,,,,,
1238,flag_India,Indie (flaga),Kraje,Flagi,Noun,,,,,,
1239,flag_Indonesia,Indonezja (flaga),Kraje,Flagi,Noun,,,,,,
1240,flag_Iran,Iran (flaga),Kraje,Flagi,Noun,,,,,,
1241,flag_Iraq,Irak (flaga),Kraje,Flagi,Noun,,,,,,
1242,flag_Ireland,Irlandia (flaga),Kraje,Flagi,Noun,,,,,,
1243,flag_Isle_of_Man,Wyspa Man (flaga),Kraje,Flagi,Noun,,,,,N,
1244,flag_Israel,Izrael (flaga),Kraje,Flagi,Noun,,,,,,
1245,flag_Italy,Włochy (flaga),Kraje,Flagi,Noun,,,,,,
1246,flag_Ivory_Coast,Wybrzeże Kości Słoniowej (flaga),Kraje,Flagi,Noun,,,,,,
1247,flag_Jamaica,Jamajka (flaga),Kraje,Flagi,Noun,,,,,,
1248,flag_Japan,Japonia (flaga),Kraje,Flagi,Noun,,,,,,
1249,flag_Jersey,Jersey (flaga),Kraje,Flagi,Noun,,,,,N,
1250,flag_Jordan,Jordania (flaga),Kraje,Flagi,Noun,,,,,,
1251,flag_Kazakhstan,Kazachstan (flaga),Kraje,Flagi,Noun,,,,,,
1252,flag_Kenya,Kenia (flaga),Kraje,Flagi,Noun,,,,,,
1253,flag_Kiribati,Kiribati (flaga),Kraje,Flagi,Noun,,,,,,
1254,flag_Kosovo,Kosowo (flaga),Kraje,Flagi,Noun,,,,status uznawany niepowszechnie,P,
1255,flag_Kuwait,Kuwejt (flaga),Kraje,Flagi,Noun,,,,,,
1256,flag_Kyrgyzstan,Kirgistan (flaga),Kraje,Flagi,Noun,,,,,,
1257,flag_Laos,Laos (flaga),Kraje,Flagi,Noun,,,,,,
1258,flag_Latvia,Łotwa (flaga),Kraje,Flagi,Noun,,,,,,
1259,flag_Lebanon,Liban (flaga),Kraje,Flagi,Noun,,,,,,
1260,flag_Lesotho,Lesotho (flaga),Kraje,Flagi,Noun,,,,,,
1261,flag_Liberia,Liberia (flaga),Kraje,Flagi,Noun,,,,,,
1262,flag_Libya,Libia (flaga),Kraje,Flagi,Noun,,,,,,
1263,flag_Liechtenstein,Liechtenstein (flaga),Kraje,Flagi,Noun,,,,,,
1264,flag_Lithuania,Litwa (flaga),Kraje,Flagi,Noun,,,,,,
1265,flag_Luxembourg,Luksemburg (flaga),Kraje,Flagi,Noun,,,,,,
1266,flag_Macedonia,Macedonia Północna (flaga),Kraje,Flagi,Noun,,,,w źródle: Macedonia (nazwa zmieniona w 2019),,
1267,flag_Madagascar,Madagaskar (flaga),Kraje,Flagi,Noun,,,,,,
1268,flag_Malawi,Malawi (flaga),Kraje,Flagi,Noun,,,,,,
1269,flag_Malaysia,Malezja (flaga),Kraje,Flagi,Noun,,,,,,
1270,flag_Maldives,Malediwy (flaga),Kraje,Flagi,Noun,,,,,,
1271,flag_Mali,Mali (flaga),Kraje,Flagi,Noun,,,,,,
1272,flag_Malta,Malta (flaga),Kraje,Flagi,Noun,,,,,,
1273,flag_Marshall_Islands,Wyspy Marshalla (flaga),Kraje,Flagi,Noun,,,,,,
1274,flag_Mauritania,Mauretania (flaga),Kraje,Flagi,Noun,,,,,,
1275,flag_Mauritius,Mauritius (flaga),Kraje,Flagi,Noun,,,,,,
1276,flag_Mexico,Meksyk (flaga),Kraje,Flagi,Noun,,,,,,
1277,flag_Micronesia,Mikronezja (flaga),Kraje,Flagi,Noun,,,,,,
1278,flag_Midway_Islands,Wyspy Midway (flaga),Kraje,Flagi,Noun,,,,,N,
1279,flag_Moldova,Mołdawia (flaga),Kraje,Flagi,Noun,,,,,,
1280,flag_Monaco,Monako (flaga),Kraje,Flagi,Noun,,,,,,
1281,flag_Mongolia,Mongolia (flaga),Kraje,Flagi,Noun,,,,,,
1282,flag_Montenegro,Czarnogóra (flaga),Kraje,Flagi,Noun,,,,,,
1283,flag_Morocco,Maroko (flaga),Kraje,Flagi,Noun,,,,,,
1284,flag_Mozambique,Mozambik (flaga),Kraje,Flagi,Noun,,,,,,
1285,flag_Myanmar,Mjanma (flaga),Kraje,Flagi,Noun,,,,nazwa używana też: Birma,,
1286,flag_Namibia,Namibia (flaga),Kraje,Flagi,Noun,,,,,,
1287,flag_NATO,NATO (flaga),Kraje,Flagi,Noun,,,,organizacja,N,
1288,flag_Nauru,Nauru (flaga),Kraje,Flagi,Noun,,,,,,
1289,flag_Nepal,Nepal (flaga),Kraje,Flagi,Noun,,,,,,
1290,flag_New_Caledonia,Nowa Kaledonia (flaga),Kraje,Flagi,Noun,,,,,N,
1291,flag_New_Zealand,Nowa Zelandia (flaga),Kraje,Flagi,Noun,,,,,,
1292,flag_Nicaragua,Nikaragua (flaga),Kraje,Flagi,Noun,,,,,,
1293,flag_Niger,Niger (flaga),Kraje,Flagi,Noun,,,,,,
1294,flag_Nigeria,Nigeria (flaga),Kraje,Flagi,Noun,,,,,,
1295,flag_Niue,Niue (flaga),Kraje,Flagi,Noun,,,,,N,
1296,flag_North_Korea,Korea Północna (flaga),Kraje,Flagi,Noun,,,,,,
1297,flag_Northern_Cyprus,Cypr Północny (flaga),Kraje,Flagi,Noun,,,,nieuznawany powszechnie,NP,
1298,flag_Northern_Marianas,Mariany Północne (flaga),Kraje,Flagi,Noun,,,,,N,
1299,flag_Norway,Norwegia (flaga),Kraje,Flagi,Noun,,,,,,
1300,flag_Olympic_Movement,Ruch Olimpijski (flaga),Kraje,Flagi,Noun,,,,organizacja,N,
1301,flag_Oman,Oman (flaga),Kraje,Flagi,Noun,,,,,,
1302,flag_Pakistan,Pakistan (flaga),Kraje,Flagi,Noun,,,,,,
1303,flag_Palau,Palau (flaga),Kraje,Flagi,Noun,,,,,,
1304,flag_Palestine,Palestyna (flaga),Kraje,Flagi,Noun,,,,status uznawany niepowszechnie,P,
1305,flag_Panama,Panama (flaga),Kraje,Flagi,Noun,,,,,,
1306,flag_Papua_New_Guinea,Papua-Nowa Gwinea (flaga),Kraje,Flagi,Noun,,,,,,
1307,flag_Paraguay,Paragwaj (flaga),Kraje,Flagi,Noun,,,,,,
1308,flag_Peru,Peru (flaga),Kraje,Flagi,Noun,,,,,,
1309,flag_Philippines,Filipiny (flaga),Kraje,Flagi,Noun,,,,,,
1310,flag_Pitcairn_Islands,Wyspy Pitcairn (flaga),Kraje,Flagi,Noun,,,,,N,
1311,flag_Poland,Polska (flaga),Kraje,Flagi,Noun,,,,,,
1312,flag_Portugal,Portugalia (flaga),Kraje,Flagi,Noun,,,,,,
1313,flag_Puerto_Rico,Portoryko (flaga),Kraje,Flagi,Noun,,,,,N,
1314,flag_Qatar,Katar (flaga),Kraje,Flagi,Noun,,,,,,
1315,flag_Rass_al_Khaimah_Sharjah,Ras al-Chajma i Szardża (ZEA) (flaga),Kraje,Flagi,Noun,,,,dwa emiraty w jednej nazwie,N,
1316,flag_Red_Cross,Czerwony Krzyż (flaga),Kraje,Flagi,Noun,,,,organizacja,N,
1317,flag_Romania,Rumunia (flaga),Kraje,Flagi,Noun,,,,,,
1318,flag_Russian_Federation,Rosja (flaga),Kraje,Flagi,Noun,,,,,,
1319,flag_Rwanda,Rwanda (flaga),Kraje,Flagi,Noun,,,,,,
1320,flag_S_Georgia_Sandwich_Isles,Georgia Południowa i Sandwich Południowy (flaga),Kraje,Flagi,Noun,,,,,N,
1321,flag_Sami,Saamowie (flaga),Kraje,Flagi,Noun,,,,flaga ludu Saamów,N,
1322,flag_Samoa,Samoa (flaga),Kraje,Flagi,Noun,,,,,,
1323,flag_San_Marino,San Marino (flaga),Kraje,Flagi,Noun,,,,,,
1324,flag_Sao_Tome_Principe,Wyspy Świętego Tomasza i Książęca (flaga),Kraje,Flagi,Noun,,,,,,
1325,flag_Sark,Sark (flaga),Kraje,Flagi,Noun,,,,,N,
1326,flag_Saudi_Arabia,Arabia Saudyjska (flaga),Kraje,Flagi,Noun,,,,,,
1327,flag_Scotland,Szkocja (flaga),Kraje,Flagi,Noun,,,,,N,
1328,flag_Seborga,Seborga (flaga),Kraje,Flagi,Noun,,,,mikropaństwo bez uznania,NP,
1329,flag_Senegal,Senegal (flaga),Kraje,Flagi,Noun,,,,,,
1330,flag_Serbia,Serbia (flaga),Kraje,Flagi,Noun,,,,,,
1331,flag_Seychelles,Seszele (flaga),Kraje,Flagi,Noun,,,,,,
1332,flag_Sierra_Leone,Sierra Leone (flaga),Kraje,Flagi,Noun,,,,,,
1333,flag_Singapore,Singapur (flaga),Kraje,Flagi,Noun,,,,,,
1334,flag_Slovakia,Słowacja (flaga),Kraje,Flagi,Noun,,,,,,
1335,flag_Slovenia,Słowenia (flaga),Kraje,Flagi,Noun,,,,,,
1336,flag_Solomon_Islands,Wyspy Salomona (flaga),Kraje,Flagi,Noun,,,,,,
1337,flag_Somalia,Somalia (flaga),Kraje,Flagi,Noun,,,,,,
1338,flag_Somaliland,Somaliland (flaga),Kraje,Flagi,Noun,,,,nieuznawany powszechnie,NP,
1339,flag_South_Africa,Republika Południowej Afryki (flaga),Kraje,Flagi,Noun,,,,,,
1340,flag_South_Korea,Korea Południowa (flaga),Kraje,Flagi,Noun,,,,,,
1341,flag_Spain,Hiszpania (flaga),Kraje,Flagi,Noun,,,,,,
1342,flag_Sri_Lanka,Sri Lanka (flaga),Kraje,Flagi,Noun,,,,,,
1343,flag_St._Kitts_and_Nevis,Saint Kitts i Nevis (flaga),Kraje,Flagi,Noun,,,,,,
1344,flag_St_Helena,Wyspa Świętej Heleny (flaga),Kraje,Flagi,Noun,,,,,N,
1345,flag_St_Vincent_Grenadines,Saint Vincent i Grenadyny (flaga),Kraje,Flagi,Noun,,,,,,
1346,flag_Suriname,Surinam (flaga),Kraje,Flagi,Noun,,,,,,
1347,flag_Swaziland,Eswatini (flaga),Kraje,Flagi,Noun,,,,w źródle: Swaziland (nazwa zmieniona w 2018),,
1348,flag_Sweden,Szwecja (flaga),Kraje,Flagi,Noun,,,,,,
1349,flag_Switzerland,Szwajcaria (flaga),Kraje,Flagi,Noun,,,,,,
1350,flag_Syria,Syria (flaga),Kraje,Flagi,Noun,,,,,,
1351,flag_Taiwan,Tajwan (flaga),Kraje,Flagi,Noun,,,,status polityczny sporny,P,
1352,flag_Tajikistan,Tadżykistan (flaga),Kraje,Flagi,Noun,,,,,,
1353,flag_Tanzania,Tanzania (flaga),Kraje,Flagi,Noun,,,,,,
1354,flag_Thailand,Tajlandia (flaga),Kraje,Flagi,Noun,,,,,,
1355,flag_The_Azores,Azory (flaga),Kraje,Flagi,Noun,,,,,N,
1356,flag_The_Bahamas,Bahamy (flaga),Kraje,Flagi,Noun,,,,,,
1357,flag_The_Czech_Republic,Czechy (flaga),Kraje,Flagi,Noun,,,,,,
1358,flag_The_Faroe_Islands,Wyspy Owcze (flaga),Kraje,Flagi,Noun,,,,,N,
1359,flag_The_Gambia,Gambia (flaga),Kraje,Flagi,Noun,,,,,,
1360,flag_The_Netherlands,Holandia (flaga),Kraje,Flagi,Noun,,,,,,
1361,flag_The_Sudan,Sudan (flaga),Kraje,Flagi,Noun,,,,,,
1362,flag_Tibet,Tybet (flaga),Kraje,Flagi,Noun,,,,"region, status sporny",NP,
1363,flag_Timor_Leste,Timor Wschodni (flaga),Kraje,Flagi,Noun,,,,,,
1364,flag_Togo,Togo (flaga),Kraje,Flagi,Noun,,,,,,
1365,flag_Tokelau,Tokelau (flaga),Kraje,Flagi,Noun,,,,,N,
1366,flag_Tonga,Tonga (flaga),Kraje,Flagi,Noun,,,,,,
1367,flag_Trinidad_and_Tobago,Trynidad i Tobago (flaga),Kraje,Flagi,Noun,,,,,,
1368,flag_Tristan_de_Cunha,Tristan da Cunha (flaga),Kraje,Flagi,Noun,,,,,N,
1369,flag_Tunisia,Tunezja (flaga),Kraje,Flagi,Noun,,,,,,
1370,flag_Turkey,Turcja (flaga),Kraje,Flagi,Noun,,,,,,
1371,flag_Turkmenistan,Turkmenistan (flaga),Kraje,Flagi,Noun,,,,,,
1372,flag_Turks_Caicos_Isles,Turks i Caicos (flaga),Kraje,Flagi,Noun,,,,,N,
1373,flag_Tuvalu,Tuvalu (flaga),Kraje,Flagi,Noun,,,,,,
1374,flag_Uganda,Uganda (flaga),Kraje,Flagi,Noun,,,,,,
1375,flag_Ukraine,Ukraina (flaga),Kraje,Flagi,Noun,,,,,,
1376,flag_Umm_al_Qaiwan_-_UAE,Umm al-Kajwajn (ZEA) (flaga),Kraje,Flagi,Noun,,,,emirat,N,
1377,flag_United_Arab_Emirates,Zjednoczone Emiraty Arabskie (flaga),Kraje,Flagi,Noun,,,,,,
1378,flag_United_Kingdom,Wielka Brytania (flaga),Kraje,Flagi,Noun,,,,,,
1379,flag_United_Nations,Organizacja Narodów Zjednoczonych (flaga),Kraje,Flagi,Noun,,,,organizacja,N,
1380,flag_United_States_of_America,Stany Zjednoczone (flaga),Kraje,Flagi,Noun,,,,,,
1381,flag_Uruguay,Urugwaj (flaga),Kraje,Flagi,Noun,,,,,,
1382,flag_Uzbekistan,Uzbekistan (flaga),Kraje,Flagi,Noun,,,,,,
1383,flag_Vanuatu,Vanuatu (flaga),Kraje,Flagi,Noun,,,,,,
1384,flag_Vatican_City,Watykan (flaga),Kraje,Flagi,Noun,,,,,,
1385,flag_Venezuela,Wenezuela (flaga),Kraje,Flagi,Noun,,,,,,
1386,flag_Viet_Nam,Wietnam (flaga),Kraje,Flagi,Noun,,,,,,
1387,flag_Virgin_Islands,Wyspy Dziewicze (flaga),Kraje,Flagi,Noun,,,,,N,
1388,flag_Wakes_Island,Wyspa Wake (flaga),Kraje,Flagi,Noun,,,,,N,
1389,flag_Wales,Walia (flaga),Kraje,Flagi,Noun,,,,,N,
1390,flag_Western_Sahara,Sahara Zachodnia (flaga),Kraje,Flagi,Noun,,,,status sporny,NP,
1391,flag_Yemen,Jemen (flaga),Kraje,Flagi,Noun,,,,,,
1392,flag_Zambia,Zambia (flaga),Kraje,Flagi,Noun,,,,,,
1393,flag_Zimbabwe,Zimbabwe (flaga),Kraje,Flagi,Noun,,,,,,
1394,flame,płomień,Określenia,Stan,Noun,,,,,,
1395,flamingo,flaming,Zwierzęta,Ptaki,Noun,,,,,,
1396,flannel,myjka do twarzy,Zdrowie i higiena,Przedmioty do higieny i pielęgnacji,Noun,,,,brytyjskie flannel = myjka,K,
1397,flat,płaski,Określenia,Kształt,Noun,,,,,,
1398,flat_tyre,przebita opona,Transport,Drogowy,Noun,,,,,,
1399,flatscreen_tv,telewizor płaski,Urządzenia elektryczne,Telewizja,Noun,,,,,,
1400,"flip_,_to",obracać na drugą stronę,Jedzenie,Czynności kuchenne,Verb,,gotowanie i obróbka żywności,ndk,,,
1401,flipper,płetwa (kończyna),Zwierzęta,Cechy i części ciała zwierząt,Noun,,,,,V,
1402,float,unosić się na wodzie (pływanie ciał),Nauka,Ogólne,Noun,,,,,V,
1403,floor,podłoga,Budynki i dom,Konstrukcja i elementy budynku,Noun,,,,,,
1404,florist_1a,florysta,Ludzie,Zawody,Noun,1a,,,"_1x = postać męska, _2x = żeńska; a/b = odcień skóry",,
1405,florist_1b,florysta,Ludzie,Zawody,Noun,1b,,,"_1x = postać męska, _2x = żeńska; a/b = odcień skóry",,
1406,florist_2a,florystka,Ludzie,Zawody,Noun,2a,,,"_1x = postać męska, _2x = żeńska; a/b = odcień skóry",,
1407,florist_2b,florystka,Ludzie,Zawody,Noun,2b,,,"_1x = postać męska, _2x = żeńska; a/b = odcień skóry",,
1408,flour_plain,mąka zwykła,Jedzenie,Pieczywo i wypieki,Noun,,,,,,
1409,flour_self_raising,mąka z proszkiem do pieczenia,Jedzenie,Pieczywo i wypieki,Noun,,,,,,
1410,flower,kwiat,Rośliny i drzewa,,Noun,,,,,,
1411,"flush_toilet_,_to",spuszczać wodę w toalecie,Zdrowie i higiena,Czynności higieniczne,VerbComplex,,higiena i ubieranie się,ndk,,,
1412,flute,flet,Muzyka,Instrumenty,Noun,,,,,,
1413,fly,mucha,Zwierzęta,Pająki i owady,Noun,,,,,,
1414,"fold_clothes_,_to",składać ubrania,Budynki i dom,Prace domowe,VerbComplex,,prace domowe i ogrodowe,ndk,,,
1415,food,jedzenie,Jedzenie,Pieczywo i wypieki,Noun,,,,,,
1416,food_blender,robot kuchenny (blender),Jedzenie,Przybory i sprzęt kuchenny,Noun,,,,,,
1417,food_bowl_dog,miska na jedzenie dla psa,Zwierzęta,Karmienie zwierząt,Noun,,,,,,
1418,food_bowl_horse,pojemnik na paszę dla konia,Zwierzęta,Karmienie zwierząt,Noun,,,,,V,
1419,food_cold,zimne jedzenie,Jedzenie,Posiłki i przekąski,Noun,,,,,,
1420,food_hot,gorące jedzenie,Jedzenie,Spożywanie posiłków i karmienie,Noun,,,,,,
1421,foot,stopa,Zdrowie i higiena,Części ciała,Noun,,,,,,
1422,football,piłka nożna,Sport,Sprzęt i akcesoria,Noun,,,,,,
1423,football_kit_Arsenal,strój piłkarski: Arsenal,Ubrania,Odzież sportowa,Noun,,,,angielski klub piłkarski,K,
1424,football_kit_Aston_Villa,strój piłkarski: Aston Villa,Ubrania,Odzież sportowa,Noun,,,,angielski klub piłkarski,K,
1425,football_kit_Barnsley,strój piłkarski: Barnsley,Ubrania,Odzież sportowa,Noun,,,,angielski klub piłkarski,K,
1426,football_kit_Birmingham,strój piłkarski: Birmingham,Ubrania,Odzież sportowa,Noun,,,,angielski klub piłkarski,K,
1427,football_kit_Blackburn_Rovers,strój piłkarski: Blackburn Rovers,Ubrania,Odzież sportowa,Noun,,,,angielski klub piłkarski,K,
1428,football_kit_Blackpool,strój piłkarski: Blackpool,Ubrania,Odzież sportowa,Noun,,,,angielski klub piłkarski,K,
1429,football_kit_blank,strój piłkarski (bez barw klubu),Ubrania,Odzież sportowa,Noun,,,,,,
1430,football_kit_Bolton_Wanderers,strój piłkarski: Bolton Wanderers,Ubrania,Odzież sportowa,Noun,,,,angielski klub piłkarski,K,
1431,football_kit_Bristol_City,strój piłkarski: Bristol City,Ubrania,Odzież sportowa,Noun,,,,angielski klub piłkarski,K,
1432,football_kit_Burnley,strój piłkarski: Burnley,Ubrania,Odzież sportowa,Noun,,,,angielski klub piłkarski,K,
1433,football_kit_Cardiff,strój piłkarski: Cardiff,Ubrania,Odzież sportowa,Noun,,,,angielski klub piłkarski,K,
1434,football_kit_Chelsea,strój piłkarski: Chelsea,Ubrania,Odzież sportowa,Noun,,,,angielski klub piłkarski,K,
1435,football_kit_Coventry,strój piłkarski: Coventry,Ubrania,Odzież sportowa,Noun,,,,angielski klub piłkarski,K,
1436,football_kit_Crystal_Palace,strój piłkarski: Crystal Palace,Ubrania,Odzież sportowa,Noun,,,,angielski klub piłkarski,K,
1437,football_kit_Derby,strój piłkarski: Derby,Ubrania,Odzież sportowa,Noun,,,,angielski klub piłkarski,K,
1438,football_kit_Doncaster,strój piłkarski: Doncaster,Ubrania,Odzież sportowa,Noun,,,,angielski klub piłkarski,K,
1439,football_kit_Everton,strój piłkarski: Everton,Ubrania,Odzież sportowa,Noun,,,,angielski klub piłkarski,K,
1440,football_kit_Fulham,strój piłkarski: Fulham,Ubrania,Odzież sportowa,Noun,,,,angielski klub piłkarski,K,
1441,football_kit_Hull_City,strój piłkarski: Hull City,Ubrania,Odzież sportowa,Noun,,,,angielski klub piłkarski,K,
1442,football_kit_Ipswich,strój piłkarski: Ipswich,Ubrania,Odzież sportowa,Noun,,,,angielski klub piłkarski,K,
1443,football_kit_Leicester,strój piłkarski: Leicester,Ubrania,Odzież sportowa,Noun,,,,angielski klub piłkarski,K,
1444,football_kit_Liverpool,strój piłkarski: Liverpool,Ubrania,Odzież sportowa,Noun,,,,angielski klub piłkarski,K,
1445,football_kit_Manchester_City,strój piłkarski: Manchester City,Ubrania,Odzież sportowa,Noun,,,,angielski klub piłkarski,K,
1446,football_kit_Manchester_United,strój piłkarski: Manchester United,Ubrania,Odzież sportowa,Noun,,,,angielski klub piłkarski,K,
1447,football_kit_Middlesbrough,strój piłkarski: Middlesbrough,Ubrania,Odzież sportowa,Noun,,,,angielski klub piłkarski,K,
1448,football_kit_Newcastle_United,strój piłkarski: Newcastle United,Ubrania,Odzież sportowa,Noun,,,,angielski klub piłkarski,K,
1449,football_kit_Nottingham_Forest,strój piłkarski: Nottingham Forest,Ubrania,Odzież sportowa,Noun,,,,angielski klub piłkarski,K,
1450,football_kit_Peterborough,strój piłkarski: Peterborough,Ubrania,Odzież sportowa,Noun,,,,angielski klub piłkarski,K,
1451,football_kit_Plymouth_Argyle,strój piłkarski: Plymouth Argyle,Ubrania,Odzież sportowa,Noun,,,,angielski klub piłkarski,K,
1452,football_kit_Portsmouth,strój piłkarski: Portsmouth,Ubrania,Odzież sportowa,Noun,,,,angielski klub piłkarski,K,
1453,football_kit_Preston,strój piłkarski: Preston,Ubrania,Odzież sportowa,Noun,,,,angielski klub piłkarski,K,
1454,football_kit_QPR,strój piłkarski: Queens Park Rangers (QPR),Ubrania,Odzież sportowa,Noun,,,,angielski klub piłkarski,K,
1455,football_kit_Reading,strój piłkarski: Reading,Ubrania,Odzież sportowa,Noun,,,,angielski klub piłkarski,K,
1456,football_kit_Scunthorpe,strój piłkarski: Scunthorpe,Ubrania,Odzież sportowa,Noun,,,,angielski klub piłkarski,K,
1457,football_kit_Sheffield_United,strój piłkarski: Sheffield United,Ubrania,Odzież sportowa,Noun,,,,angielski klub piłkarski,K,
1458,football_kit_Sheffield_Weds,strój piłkarski: Sheffield Wednesday,Ubrania,Odzież sportowa,Noun,,,,angielski klub piłkarski,K,
1459,football_kit_Spurs,strój piłkarski: Tottenham Hotspur (Spurs),Ubrania,Odzież sportowa,Noun,,,,angielski klub piłkarski,K,
1460,football_kit_Stoke_City,strój piłkarski: Stoke City,Ubrania,Odzież sportowa,Noun,,,,angielski klub piłkarski,K,
1461,football_kit_Sunderland,strój piłkarski: Sunderland,Ubrania,Odzież sportowa,Noun,,,,angielski klub piłkarski,K,
1462,football_kit_Swansea,strój piłkarski: Swansea,Ubrania,Odzież sportowa,Noun,,,,angielski klub piłkarski,K,
1463,football_kit_Watford,strój piłkarski: Watford,Ubrania,Odzież sportowa,Noun,,,,angielski klub piłkarski,K,
1464,football_kit_West_Bromwich,strój piłkarski: West Bromwich Albion,Ubrania,Odzież sportowa,Noun,,,,angielski klub piłkarski,K,
1465,football_kit_West_Ham_United,strój piłkarski: West Ham United,Ubrania,Odzież sportowa,Noun,,,,angielski klub piłkarski,K,
1466,football_kit_Wigan_Athletic,strój piłkarski: Wigan Athletic,Ubrania,Odzież sportowa,Noun,,,,angielski klub piłkarski,K,
1467,football_kit_Wolves,strój piłkarski: Wolverhampton Wanderers (Wolves),Ubrania,Odzież sportowa,Noun,,,,angielski klub piłkarski,K,
1468,forearm,przedramię,Zdrowie i higiena,Części ciała,Noun,,,,,,
1469,fork,widelec,Jedzenie,Przybory i sprzęt kuchenny,Noun,,,,,,
1470,fork_adapted,widelec adaptowany,Jedzenie,Spożywanie posiłków i karmienie,Noun,,,,,,
1471,fork_lift_truck,wózek widłowy,Transport,Drogowy,Noun,,,,,,
1472,forty,czterdzieści,Liczby,Liczebniki,Noun,,,,,,
1473,forward,do przodu,Określenia,Kierunek,Noun,,,,,,
1474,forwards,do przodu,Określenia,Kierunek,Noun,,,,,,
1475,four,cztery,Liczby,Liczebniki,Noun,,,,,,
1476,four_dots,cztery (kropki),Liczby,Liczebniki,Noun,,,,,,
1477,fourteen,czternaście,Liczby,Liczebniki,Noun,,,,,,
1478,fox,lis,Zwierzęta,Ssaki,Noun,,,,,,
1479,frankincense,kadzidło,Religia,Ogólne,Noun,,,,,,
1480,freckles,piegi,Zdrowie i higiena,Części ciała,Noun,,,,,,
1481,freezer,zamrażarka,Jedzenie,Przybory i sprzęt kuchenny,Noun,,,,,,
1482,french_stick,bagietka,Jedzenie,Pieczywo i wypieki,Noun,,,,,,
1483,friction,tarcie,Nauka,Ogólne,Noun,,,,,,
1484,fridge,lodówka,Jedzenie,Przybory i sprzęt kuchenny,Noun,,,,,,
1485,frog,żaba,Zwierzęta,Gady i płazy,Noun,,,,,,
1486,fromage_frais,fromage frais,Jedzenie,Nabiał,Noun,,,,,V,
1487,front,przód,Zdrowie i higiena,Części ciała,Noun,,,,,,
1488,front_door,drzwi wejściowe,Budynki i dom,Konstrukcja i elementy budynku,Noun,,,,,,
1489,frozen_chips,mrożone frytki,Jedzenie,Posiłki i przekąski,Noun,,,,,,
1490,frozen_fish_fingers,mrożone paluszki rybne,Jedzenie,Posiłki i przekąski,Noun,,,,,,
1491,frozen_food_box,pudełko mrożonek,Jedzenie,Posiłki i przekąski,Noun,,,,,,
1492,frozen_pizza,mrożona pizza,Jedzenie,Posiłki i przekąski,Noun,,,,,,
1493,fruit,owoce,Jedzenie,Owoce,Noun,,,,,,
1494,fruit_tree,drzewo owocowe,Rośliny i drzewa,,Noun,,,,,,
1495,"fry_,_to",smażyć,Jedzenie,Czynności kuchenne,Verb,,gotowanie i obróbka żywności,ndk,,,
1496,frying_pan,patelnia,Jedzenie,Przybory i sprzęt kuchenny,Noun,,,,,,
1497,full,pełny,Określenia,Ilość i miara,Noun,,,,,,
1498,funnel,lejek,Jedzenie,Przybory i sprzęt kuchenny,Noun,,,,,,
1499,funny_laugh,śmieszne (śmiech),Ludzie,Cechy i opis osób,Noun,,,,,V,
1500,furniture,meble,Budynki i dom,Meble,Noun,,,,,,
1501,future,przyszłość,Określenia,Czas,Noun,,,,,,
1502,fuzzy,puszysty,Określenia,Stan,Noun,,,,,V,
1503,G,G (wielka litera),Alfabet,,Noun,,,,,,
1504,g_-_lower_case,g (mała litera),Alfabet,,Noun,,,,,,
1505,garage,garaż,Budynki i dom,Budynki mieszkalne,Noun,,,,,,
1506,garden_chair_folding,składane krzesło ogrodowe,Wakacje i podróże,,Noun,,,,,,
1507,garden_clippers,sekator,Narzędzia,Ogrodnicze,Noun,,,,,,
1508,gardener_1a,ogrodnik,Ludzie,Zawody,Noun,1a,,,"_1x = postać męska, _2x = żeńska; a/b = odcień skóry",,
1509,gardener_1b,ogrodnik,Ludzie,Zawody,Noun,1b,,,"_1x = postać męska, _2x = żeńska; a/b = odcień skóry",,
1510,gardener_2a,ogrodniczka,Ludzie,Zawody,Noun,2a,,,"_1x = postać męska, _2x = żeńska; a/b = odcień skóry",,
1511,gardener_2b,ogrodniczka,Ludzie,Zawody,Noun,2b,,,"_1x = postać męska, _2x = żeńska; a/b = odcień skóry",,
1512,garlic,czosnek,Jedzenie,Warzywa i sałatki,Noun,,,,,,
1513,garlic_bread,chleb czosnkowy,Jedzenie,Pieczywo i wypieki,Noun,,,,,,
1514,garlic_crusher,praska do czosnku,Jedzenie,Przybory i sprzęt kuchenny,Noun,,,,,,
1515,geography,geografia,Praca i szkoła,Przedmioty szkolne,Noun,,,,,,
1516,geography_class,lekcja geografii,Praca i szkoła,Plan zajęć,Noun,,,,,,
1517,"get_dressed_,_to",ubierać się,Zdrowie i higiena,Czynności higieniczne,VerbComplex,,higiena i ubieranie się,ndk,,,
1518,ghost,duch,Uroczystości,Przedmioty i dekoracje,Noun,,,,,,
1519,giraffe,żyrafa,Zwierzęta,Ssaki,Noun,,,,,,
1520,glass,szkło,Nauka,Ogólne,Noun,,,,,,
1521,"glass_,_drinking",szklanka,Nauka,Ogólne,Noun,,,,,,
1522,glasses,okulary,Zdrowie i higiena,Przedmioty i sprzęt medyczny,Noun,,,,,,
1523,glitter,brokat,Praca i szkoła,Przybory szkolne i biurowe,Noun,,,,,,
1524,globe,globus,Praca i szkoła,Edukacja,Noun,,,,,,
1525,gloves,rękawiczki,Ubrania,Odzież ogólna,Noun,,,,,,
1526,glue,klej,Praca i szkoła,Przybory szkolne i biurowe,Noun,,,,,,
1527,glue_stick,klej w sztyfcie,Praca i szkoła,Przybory szkolne i biurowe,Noun,,,,,,
1528,gnat,komar,Zwierzęta,Pająki i owady,Noun,,,,,,
1529,"go_through_door_,_to",przechodzić przez drzwi,Określenia,Kierunek,VerbComplex,,ruch,ndk,,,
1530,goal,bramka,Sport,Sprzęt i akcesoria,Noun,,,,,,
1531,gold_bar,sztabka złota,Pieniądze,,Noun,,,,,,
1532,goldfish,złota rybka,Zwierzęta,Ryby i ssaki morskie,Noun,,,,,,
1533,goldfish_bowl,kula na złotą rybkę,Zwierzęta,Siedliska i schronienia,Noun,,,,,,
1534,golf,golf,Sport,Dyscypliny i czynności sportowe,Noun,,,,,,
1535,golf_club,kij golfowy,Sport,Sprzęt i akcesoria,Noun,,,,,,
1536,good,dobry,Określenia,Stan,Noun,,,,,,
1537,good_person,dobry człowiek,Ludzie,Cechy i opis osób,Noun,,,,,,
1538,good_to_drink,dobre do picia,Jedzenie,Spożywanie posiłków i karmienie,Noun,,,,,,
1539,good_to_eat,dobre do jedzenia,Jedzenie,Spożywanie posiłków i karmienie,Noun,,,,,,
1540,good_to_eat_2,dobre do jedzenia,Jedzenie,Spożywanie posiłków i karmienie,Noun,2,,,,,
1541,goose,gęś,Zwierzęta,Ptaki,Noun,,,,,,
1542,goose_roast,pieczona gęś,Jedzenie,Drób,Noun,,,,,,
1543,gooseberry,agrest,Jedzenie,Owoce,Noun,,,,,,
1544,gorilla,goryl,Zwierzęta,Ssaki,Noun,,,,,,
1545,grains,ziarna,Jedzenie,Pieczywo i wypieki,Noun,,,,,,
1546,grandfather,dziadek,Ludzie,Pokrewieństwo i relacje,Noun,,,,,,
1547,grandmother,babcia,Ludzie,Pokrewieństwo i relacje,Noun,,,,,,
1548,grandparents,dziadkowie,Ludzie,Pokrewieństwo i relacje,Noun,,,,,,
1549,grape_juice,sok winogronowy,Napoje,Rodzaje napojów,Noun,,,,,,
1550,grapefruit,grejpfrut,Jedzenie,Owoce,Noun,,,,,,
1551,grapefruit_juice,sok grejpfrutowy,Napoje,Rodzaje napojów,Noun,,,,,,
1552,grapes,winogrona,Jedzenie,Owoce,Noun,,,,,,
1553,graph_column,wykres słupkowy,Liczby,Działania i matematyka,Noun,,,,,,
1554,grass,trawa,Rośliny i drzewa,,Noun,,,,,,
1555,"grate_,_to",trzeć na tarce,Jedzenie,Czynności kuchenne,Verb,,gotowanie i obróbka żywności,ndk,,,
1556,grater,tarka,Jedzenie,Przybory i sprzęt kuchenny,Noun,,,,,,
1557,gravity,grawitacja,Nauka,Ogólne,Noun,,,,,,
1558,gravy_boat,sosjerka,Jedzenie,Przybory i sprzęt kuchenny,Noun,,,,,,
1559,"gravy_pour_,_to",polewać sosem,Czasowniki,,Noun,,gotowanie i obróbka żywności,ndk,w źródle gramatyka Noun mimo nazwy czasownikowej,G,
1560,great,wspaniały,Określenia,Stan,Noun,,,,,,
1561,green,zielony,Plastyka,Kolory,Noun,,,,,,
1562,green_beans,fasolka szparagowa,Jedzenie,Warzywa i sałatki,Noun,,,,,,
1563,green_dark,ciemnozielony,Plastyka,Kolory,Noun,,,,,,
1564,green_light,jasnozielony,Plastyka,Kolory,Noun,,,,,,
1565,greengrocer_1a,sprzedawca warzyw i owoców,Ludzie,Zawody,Noun,1a,,,"_1x = postać męska, _2x = żeńska; a/b = odcień skóry",,
1566,greengrocer_1b,sprzedawca warzyw i owoców,Ludzie,Zawody,Noun,1b,,,"_1x = postać męska, _2x = żeńska; a/b = odcień skóry",,
1567,greengrocer_2a,sprzedawczyni warzyw i owoców,Ludzie,Zawody,Noun,2a,,,"_1x = postać męska, _2x = żeńska; a/b = odcień skóry",,
1568,greengrocer_2b,sprzedawczyni warzyw i owoców,Ludzie,Zawody,Noun,2b,,,"_1x = postać męska, _2x = żeńska; a/b = odcień skóry",,
1569,grey_dark,ciemnoszary,Plastyka,Kolory,Noun,,,,,,
1570,grey_light,jasnoszary,Plastyka,Kolory,Noun,,,,,,
1571,"grill_,_to",grillować,Jedzenie,Czynności kuchenne,Verb,,gotowanie i obróbka żywności,ndk,,,
1572,grill_pan,patelnia grillowa,Jedzenie,Przybory i sprzęt kuchenny,Noun,,,,,,
1573,ground,ziemia (grunt),Rośliny i drzewa,,Noun,,,,,,
1574,group_work,praca w grupie,Praca i szkoła,Przedmioty szkolne,Noun,,,,,,
1575,guinea_pig,świnka morska,Zwierzęta,Ssaki,Noun,,,,,,
1576,guitar,gitara,Muzyka,Instrumenty,Noun,,,,,,
1577,gum,dziąsło,Zdrowie i higiena,Części ciała,Noun,,,,,,
1578,guy,kukła Guya Fawkesa,Uroczystości,Przedmioty i dekoracje,Noun,,,,brytyjski zwyczaj Bonfire Night,K,
1579,Guy_Fawkes,Guy Fawkes,Uroczystości,Wydarzenia,Noun,,,,postać historyczna związana z Bonfire Night,K,
1580,gym_1,siłownia,Sport,Dyscypliny i czynności sportowe,Noun,1,,,,,
1581,H,H (wielka litera),Alfabet,,Noun,,,,,,
1582,h_-_lower_case,h (mała litera),Alfabet,,Noun,,,,,,
1583,hair_bunches,kucyki,Ludzie,Cechy i opis osób,Noun,,,,,V,
1584,hair_conditioner,odżywka do włosów,Zdrowie i higiena,Przedmioty do higieny i pielęgnacji,Noun,,,,,,
1585,hair_curler,wałek do włosów,Zdrowie i higiena,Przedmioty do higieny i pielęgnacji,Noun,,,,,,
1586,hair_curlers_electric,lokówki elektryczne (wałki),Zdrowie i higiena,Przedmioty do higieny i pielęgnacji,Noun,,,,,,
1587,hair_curling_tongs,lokówka,Zdrowie i higiena,Przedmioty do higieny i pielęgnacji,Noun,,,,,,
1588,hair_dye,farba do włosów,Zdrowie i higiena,Przedmioty do higieny i pielęgnacji,Noun,,,,,,
1589,hair_dye_1,farba do włosów,Zdrowie i higiena,Przedmioty do higieny i pielęgnacji,Noun,1,,,,,
1590,hair_plaits,warkocze,Ludzie,Cechy i opis osób,Noun,,,,,,
1591,hair_ponytail,kucyk,Ludzie,Cechy i opis osób,Noun,,,,,,
1592,hairbrush,szczotka do włosów,Zdrowie i higiena,Przedmioty do higieny i pielęgnacji,Noun,,,,,,
1593,haircut,strzyżenie,Zdrowie i higiena,Czynności higieniczne,Noun,,,,,,
1594,hairdryer,suszarka do włosów,Zdrowie i higiena,Przedmioty do higieny i pielęgnacji,Noun,,,,,,
1595,hairspray,lakier do włosów,Zdrowie i higiena,Przedmioty do higieny i pielęgnacji,Noun,,,,,,
1596,half,połowa,Określenia,Ilość i miara,Noun,,,,,,
1597,Halloween,Halloween,Uroczystości,Wydarzenia,Noun,,,,,K,
1598,ham,szynka,Jedzenie,Mięso,Noun,,,,,,
1599,ham_packet,szynka w opakowaniu,Jedzenie,Mięso,Noun,,,,,,
1600,hamburger,hamburger,Jedzenie,Posiłki i przekąski,Noun,,,,,,
1601,hamburger_carton,hamburger w kartoniku,Jedzenie,Posiłki i przekąski,Noun,,,,,,
1602,hammer,młotek,Narzędzia,Warsztatowe,Noun,,,,,,
1603,hamster,chomik,Zwierzęta,Ssaki,Noun,,,,,,
1604,hamster_food,pokarm dla chomika,Zwierzęta,Karmienie zwierząt,Noun,,,,,,
1605,hamster_maze,labirynt dla chomika,Zwierzęta,Siedliska i schronienia,Noun,,,,,,
1606,hand_bag,torebka,Ubrania,Akcesoria,Noun,,,,,,
1607,hand_cream,krem do rąk,Zdrowie i higiena,Przedmioty do higieny i pielęgnacji,Noun,,,,,,
1608,hand_mixer,mikser ręczny,Jedzenie,Przybory i sprzęt kuchenny,Noun,,,,,,
1609,hand_punch,dziurkacz ręczny,Praca i szkoła,Przybory szkolne i biurowe,Noun,,,,,,
1610,handcuffs,kajdanki,Ubrania,Akcesoria,Noun,,,,,,
1611,handle_bars,kierownica (roweru),Transport,Drogowy,Noun,,,,,,
1612,handsome,przystojny,Ludzie,Cechy i opis osób,Noun,,,,,,
1613,hangar,hangar,Transport,Powietrzny,Noun,,,,,,
1614,hankerchief,chusteczka do nosa,Ubrania,Akcesoria,Noun,,,,literówka w źródle (hankerchief),E,
1615,happy_lady,szczęśliwa (kobieta),Ludzie,Uczucia i emocje,Noun,,,,płeć postaci: kobieta,,
1616,happy_man,szczęśliwy (mężczyzna),Ludzie,Uczucia i emocje,Noun,,,,płeć postaci: mężczyzna,,
1617,hard,twardy,Określenia,Stan,Noun,,,,,,
1618,hard_hat,kask ochronny,Ubrania,Odzież ogólna,Noun,,,,,,
1619,hare,zając,Zwierzęta,Ssaki,Noun,,,,,,
1620,harvest,plony,Uroczystości,Przedmioty i dekoracje,Noun,,,,,V,
1621,Harvest_Festival,dziękczynienie za plony (Harvest Festival),Religia,Święta,Noun,,,,brytyjskie święto szkolne i kościelne,K,
1622,hat_-_ladies,kapelusz damski,Ubrania,Odzież ogólna,Noun,,,,,,
1623,hat_-_mans,kapelusz męski,Ubrania,Odzież ogólna,Noun,,,,,,
1624,hat_Christmas,czapka świąteczna,Uroczystości,Przedmioty i dekoracje,Noun,,,,,,
1625,hat_too_big,za duży kapelusz,Określenia,Ilość i miara,Noun,,,,,,
1626,haunted_house,nawiedzony dom,Uroczystości,Przedmioty i dekoracje,Noun,,,,,,
1627,hazelnut,orzech laskowy,Jedzenie,Orzechy,Noun,,,,,,
1628,head,głowa,Zdrowie i higiena,Części ciała,Noun,,,,,,
1629,head_teacher_1a,dyrektor szkoły,Ludzie,Zawody,Noun,1a,,,"_1x = postać męska, _2x = żeńska; a/b = odcień skóry",,
1630,head_teacher_1b,dyrektor szkoły,Ludzie,Zawody,Noun,1b,,,"_1x = postać męska, _2x = żeńska; a/b = odcień skóry",,
1631,head_teacher_2a,dyrektorka szkoły,Ludzie,Zawody,Noun,2a,,,"_1x = postać męska, _2x = żeńska; a/b = odcień skóry",,
1632,head_teacher_2b,dyrektorka szkoły,Ludzie,Zawody,Noun,2b,,,"_1x = postać męska, _2x = żeńska; a/b = odcień skóry",,
1633,headache,ból głowy,Zdrowie i higiena,Dolegliwości i stany zdrowia,Noun,,,,,,
1634,headband,opaska na głowę,Zdrowie i higiena,Przedmioty do higieny i pielęgnacji,Noun,,,,,,
1635,headboard,wezgłowie,Budynki i dom,Meble,Noun,,,,,,
1636,headlamp,reflektor,Transport,Drogowy,Noun,,,,,,
1637,headmouse,mysz głowowa,Komunikacja,Sprzęt i pomoce AAC,Noun,,,,,,
1638,headphones,słuchawki,Urządzenia elektryczne,Media i fotografia,Noun,,,,,,
1639,headpointer_2,wskaźnik głowowy,Komunikacja,Sprzęt i pomoce AAC,Noun,2,,,,,
1640,healthy,zdrowy,Zdrowie i higiena,Dolegliwości i stany zdrowia,Noun,,,,,,
1641,"hear_,_to",słyszeć,Zdrowie i higiena,Części ciała,Verb,,poznanie i percepcja,ndk,,,
1642,hearing_aid_1,aparat słuchowy,Zdrowie i higiena,Przedmioty i sprzęt medyczny,Noun,1,,,,,
1643,hearing_aid_2,aparat słuchowy,Zdrowie i higiena,Przedmioty i sprzęt medyczny,Noun,2,,,,,
1644,heart,serce (narząd),Zdrowie i higiena,Części ciała,Noun,,,,,V,
1645,heart_shape,serce (kształt),Określenia,Kształt,Noun,,,,,,
1646,"heat_,_to",podgrzewać,Jedzenie,Czynności kuchenne,Verb,,gotowanie i obróbka żywności,ndk,,,
1647,heavy,ciężki,Określenia,Ilość i miara,Noun,,,,,,
1648,hedge,żywopłot,Rośliny i drzewa,,Noun,,,,,,
1649,hedge_cutters,nożyce do żywopłotu,Narzędzia,Ogrodnicze,Noun,,,,,,
1650,hedgehog,jeż,Zwierzęta,Ssaki,Noun,,,,,,
1651,heel,pięta,Zdrowie i higiena,Części ciała,Noun,,,,,,
1652,heel_of_shoe,obcas,Ubrania,Odzież ogólna,Noun,,,,,,
1653,helicopter,helikopter,Transport,Powietrzny,Noun,,,,,,
1654,hello,cześć,Komunikacja,Rozmowa,Noun,,,,,,
1655,helmet,kask,Ubrania,Odzież sportowa,Noun,,,,,,
1656,helmet_pilot,hełm pilota,Ubrania,Odzież ogólna,Noun,,,,,,
1657,heptagon,siedmiokąt,Określenia,Kształt,Noun,,,,,,
1658,heron,czapla,Zwierzęta,Ptaki,Noun,,,,,,
1659,hexagon,sześciokąt,Określenia,Kształt,Noun,,,,,,
1660,high,wysoki,Określenia,Ilość i miara,Noun,,,,,,
1661,high_chair,krzesełko do karmienia,Budynki i dom,Meble,Noun,,,,,,
1662,highest,najwyższy,Określenia,Położenie,Noun,,,,,,
1663,hip,biodro,Zdrowie i higiena,Części ciała,Noun,,,,,,
1664,hippopotamus,hipopotam,Zwierzęta,Ssaki,Noun,,,,,,
1665,hips,biodra,Zdrowie i higiena,Części ciała,Noun,,,,,,
1666,history,historia,Praca i szkoła,Przedmioty szkolne,Noun,,,,,,
1667,history_class,lekcja historii,Praca i szkoła,Plan zajęć,Noun,,,,,,
1668,hoe,motyka,Narzędzia,Ogrodnicze,Noun,,,,,,
1669,hoist,podnośnik,Zdrowie i higiena,Przedmioty i sprzęt medyczny,Noun,,,,,,
1670,holdall,torba podróżna,Wakacje i podróże,,Noun,,,,,,
1671,hole_punch,dziurkacz,Praca i szkoła,Przybory szkolne i biurowe,Noun,,,,,,
1672,hole_punch_2,dziurkacz,Praca i szkoła,Przybory szkolne i biurowe,Noun,2,,,,,
1673,hollow,pusty w środku,Określenia,Kształt,Noun,,,,,V,
1674,holly,ostrokrzew,Rośliny i drzewa,,Noun,,,,,,
1675,homepage,strona główna,Komputer,Interfejs i polecenia,Noun,,,,,,
1676,honey,miód,Jedzenie,Składniki,Noun,,,,,,
1677,hood_hoodie,kaptur,Ubrania,Odzież ogólna,Noun,,,,,,
1678,hooded_top,bluza z kapturem,Ubrania,Odzież ogólna,Noun,,,,,,
1679,hoof,kopyto,Zwierzęta,Cechy i części ciała zwierząt,Noun,,,,,,
1680,"hoover_,_to",odkurzać,Budynki i dom,Prace domowe,Verb,,prace domowe i ogrodowe,ndk,,,
1681,horns,rogi,Zwierzęta,Cechy i części ciała zwierząt,Noun,,,,,,
1682,horse,koń,Zwierzęta,Ssaki,Noun,,,,,,
1683,hose,wąż ogrodowy,Narzędzia,Ogrodnicze,Noun,,,,,,
1684,hot,gorący,Określenia,Ilość i miara,Noun,,,,,,
1685,hot_air_balloon,balon na ogrzane powietrze,Transport,Powietrzny,Noun,,,,,,
1686,hot_brush,szczotka elektryczna do stylizacji włosów,Zdrowie i higiena,Przedmioty do higieny i pielęgnacji,Noun,,,,,V,
1687,hot_chocolate,gorąca czekolada,Napoje,Rodzaje napojów,Noun,,,,,,
1688,hot_dog,hot dog,Jedzenie,Posiłki i przekąski,Noun,,,,,,
1689,hot_person,gorąco (osobie jest gorąco),Ludzie,Cechy i opis osób,Noun,,,,,V,
1690,house,dom,Budynki i dom,Budynki mieszkalne,Noun,,,,,,
1691,Houses_of_Parliament,Parlament Brytyjski (Pałac Westminsterski),Polityka,,Noun,,,,,K,
1692,how,jak,Pytania,,Noun,,,,,,
1693,how_many,ile,Określenia,Ilość i miara,Noun,,,,,,
1694,hundred,sto,Liczby,Liczebniki,Noun,,,,,,
1695,hungry,głodny,Jedzenie,Spożywanie posiłków i karmienie,Noun,,,,,,
1696,husband,mąż,Ludzie,Pokrewieństwo i relacje,Noun,,,,,,
1697,I,I (wielka litera),Alfabet,,Noun,,,,,,
1698,i_-_lower_case,i (mała litera),Alfabet,,Noun,,,,,,
1699,ice_cream,lody,Jedzenie,Słodycze i desery,Noun,,,,,,
1700,ice_cream_2,lody,Jedzenie,Słodycze i desery,Noun,2,,,,,
1701,ice_cream_tub,lody w pojemniku,Jedzenie,Słodycze i desery,Noun,,,,,,
1702,ice_lolly,lód na patyku,Jedzenie,Słodycze i desery,Noun,,,,,,
1703,in,w,Określenia,Położenie,Noun,,,,,,
1704,in_front,z przodu,Określenia,Położenie,Noun,,,,,,
1705,inbox,skrzynka odbiorcza,Komputer,Interfejs i polecenia,Noun,,,,,,
1706,index_cards,kartoteka (kartki),Praca i szkoła,Przybory szkolne i biurowe,Noun,,,,,V,
1707,ingredients,składniki,Jedzenie,Składniki,Noun,,,,,,
1708,inhaler,inhalator,Zdrowie i higiena,Przedmioty i sprzęt medyczny,Noun,,,,,,
1709,inside_out,na lewą stronę,Określenia,Stan,Noun,,,,,,
1710,inside_room,wewnątrz pomieszczenia,Określenia,Położenie,Noun,,,,,,
1711,install_software,instalacja oprogramowania,Komputer,Interfejs i polecenia,Noun,,,,,,
1712,intellikeys,klawiatura IntelliKeys,Komunikacja,Sprzęt i pomoce AAC,Noun,,,,nazwa handlowa urządzenia,B,
1713,internet,internet,Komputer,Interfejs i polecenia,Noun,,,,,,
1714,intestine,jelito,Zdrowie i higiena,Części ciała,Noun,,,,,,
1715,iPhone,iPhone,Urządzenia elektryczne,Telefon,Noun,,,,nazwa handlowa,B,
1716,iPod,iPod,Urządzenia elektryczne,Media i fotografia,Noun,,,,nazwa handlowa,B,
1717,iron,żelazko,Budynki i dom,Przedmioty i wyposażenie domu,Noun,,,,,,
1718,"iron_,_to",prasować,Budynki i dom,Prace domowe,Verb,,prace domowe i ogrodowe,ndk,,,
1719,ironing_board,deska do prasowania,Budynki i dom,Przedmioty i wyposażenie domu,Noun,,,,,,
1720,is_this_enough,czy to wystarczy,Określenia,Ilość i miara,Noun,,,,,,
1721,IT_assistant_1a,pracownik wsparcia IT,Ludzie,Zawody,Noun,1a,,,"_1x = postać męska, _2x = żeńska; a/b = odcień skóry",,
1722,IT_assistant_1b,pracownik wsparcia IT,Ludzie,Zawody,Noun,1b,,,"_1x = postać męska, _2x = żeńska; a/b = odcień skóry",,
1723,IT_assistant_2a,pracownica wsparcia IT,Ludzie,Zawody,Noun,2a,,,"_1x = postać męska, _2x = żeńska; a/b = odcień skóry",,
1724,IT_assistant_2b,pracownica wsparcia IT,Ludzie,Zawody,Noun,2b,,,"_1x = postać męska, _2x = żeńska; a/b = odcień skóry",,
1725,IT_class,lekcja informatyki,Praca i szkoła,Plan zajęć,Noun,,,,,,
1726,IT_room,pracownia komputerowa,Budynki i dom,Budynki i pomieszczenia szkolne,Noun,,,,,,
1727,itch,swędzenie,Zdrowie i higiena,Dolegliwości i stany zdrowia,Noun,,,,,,
1728,ivy,bluszcz,Rośliny i drzewa,,Noun,,,,,,
1729,ivy_2,bluszcz,Rośliny i drzewa,,Noun,2,,,,,
1730,J,J (wielka litera),Alfabet,,Noun,,,,,,
1731,j_-_lower_case,j (mała litera),Alfabet,,Noun,,,,,,
1732,jack_in_box,pajacyk na sprężynie,Wypoczynek i zabawa,Zabawki,Noun,,,,,,
1733,jacket,kurtka,Ubrania,Odzież ogólna,Noun,,,,,,
1734,jacket_-_mans,marynarka męska,Ubrania,Odzież ogólna,Noun,,,,,V,
1735,jacket_2,kurtka,Ubrania,Odzież ogólna,Noun,2,,,,,
1736,jacket_potato_1,ziemniak pieczony w skórce,Jedzenie,Warzywa i sałatki,Noun,1,,,,K,
1737,jam,dżem,Jedzenie,Słodycze i desery,Noun,,,,,,
1738,jam_tart,tarta z dżemem,Jedzenie,Słodycze i desery,Noun,,,,,,
1739,jar,słoik,Jedzenie,Przybory i sprzęt kuchenny,Noun,,,,,,
1740,jealous_lady,zazdrosna (kobieta),Ludzie,Uczucia i emocje,Noun,,,,płeć postaci: kobieta,,
1741,jealous_man,zazdrosny (mężczyzna),Ludzie,Uczucia i emocje,Noun,,,,płeć postaci: mężczyzna,,
1742,jeans,dżinsy,Ubrania,Odzież ogólna,Noun,,,,,,
1743,jeep,jeep,Transport,Drogowy,Noun,,,,,,
1744,jelly,galaretka,Jedzenie,Słodycze i desery,Noun,,,,,,
1745,jelly_beans,żelki fasolki,Jedzenie,Słodycze i desery,Noun,,,,,,
1746,jellyfish,meduza,Zwierzęta,Inne bezkręgowce,Noun,,,,,,
1747,Jesus,Jezus,Religia,Postacie,Noun,,,,,,
1748,jet_plane,samolot odrzutowy,Transport,Powietrzny,Noun,,,,,,
1749,jewellery,biżuteria,Ubrania,Biżuteria,Noun,,,,,,
1750,jigsaw_puzzle,puzzle,Wypoczynek i zabawa,Gry,Noun,,,,,,
1751,jigsaw_puzzle_piece,element puzzla,Wypoczynek i zabawa,Gry,Noun,,,,,,
1752,Joseph,Józef,Religia,Postacie,Noun,,,,,,
1753,joystick_PennyGiles,joystick Penny & Giles,Komunikacja,Sprzęt i pomoce AAC,Noun,,,,nazwa handlowa urządzenia,B,
1754,Judas,Judasz,Religia,Postacie,Noun,,,,,,
1755,judo,judo,Sport,Dyscypliny i czynności sportowe,Noun,,,,,,
1756,judo_belt,pas do judo,Ubrania,Odzież sportowa,Noun,,,,,,
1757,jumper,sweter,Ubrania,Odzież ogólna,Noun,,,,,,
1758,jungle_gym,drabinki na placu zabaw,Wypoczynek i zabawa,Plac zabaw,Noun,,,,,V,
1759,Jupiter,Jowisz,Nauka,Astronomia,Noun,,,,,,
1760,K,K (wielka litera),Alfabet,,Noun,,,,,,
1761,k_-_lower_case,k (mała litera),Alfabet,,Noun,,,,,,
1762,kangaroo,kangur,Zwierzęta,Ssaki,Noun,,,,,,
1763,kebab,kebab,Jedzenie,Posiłki i przekąski,Noun,,,,,,
1764,kennel,buda,Zwierzęta,Siedliska i schronienia,Noun,,,,,V,
1765,kettle,czajnik,Jedzenie,Przybory i sprzęt kuchenny,Noun,,,,,,
1766,key_1,klucz,Budynki i dom,Przedmioty i wyposażenie domu,Noun,1,,,,,
1767,key_2,klucz,Budynki i dom,Przedmioty i wyposażenie domu,Noun,2,,,,,
1768,keyboard_electric,keyboard,Muzyka,Instrumenty,Noun,,,,,,
1769,"kick_ball_1_,_to",kopać piłkę,Sport,Dyscypliny i czynności sportowe,VerbComplex,,"gra, sport i wypoczynek",ndk,wariant obrazu,,
1770,"kick_ball_2_,_to",kopać piłkę,Sport,Dyscypliny i czynności sportowe,VerbComplex,,"gra, sport i wypoczynek",ndk,wariant obrazu,,
1771,kidneys,nerki,Zdrowie i higiena,Części ciała,Noun,,,,,,
1772,killer_whale,orka,Zwierzęta,Ryby i ssaki morskie,Noun,,,,,,
1773,kite,latawiec,Wypoczynek i zabawa,Zabawki,Noun,,,,,,
1774,kiwi,kiwi,Jedzenie,Owoce,Noun,,,,,,
1775,knee,kolano,Zdrowie i higiena,Części ciała,Noun,,,,,,
1776,knickers,majtki damskie,Ubrania,Odzież ogólna,Noun,,,,,,
1777,knife,nóż,Jedzenie,Przybory i sprzęt kuchenny,Noun,,,,,,
1778,knife_adapted,nóż adaptowany,Jedzenie,Spożywanie posiłków i karmienie,Noun,,,,,,
1779,knife_adapted_2,nóż adaptowany,Jedzenie,Spożywanie posiłków i karmienie,Noun,2,,,,,
1780,koala,koala,Zwierzęta,Ssaki,Noun,,,,,,
1781,koosh_ball,piłka Koosh,Wypoczynek i zabawa,Zabawki,Noun,,,,nazwa handlowa piłki z gumowych nitek,B,
1782,L,L (wielka litera),Alfabet,,Noun,,,,,,
1783,l_-_lower_case,l (mała litera),Alfabet,,Noun,,,,,,
1784,labels,etykiety,Praca i szkoła,Przybory szkolne i biurowe,Noun,,,,,,
1785,ladies_toilet,toaleta damska,Budynki i dom,Budynki i miejsca publiczne,Noun,,,,,,
1786,ladle,łyżka wazowa,Jedzenie,Przybory i sprzęt kuchenny,Noun,,,,,,
1787,lady_-_face,twarz kobiety,Ludzie,Uczucia i emocje,Noun,,,,,,
1788,lager,piwo jasne (lager),Napoje,Rodzaje napojów,Noun,,,,,,
1789,lamb,jagnięcina,Jedzenie,Mięso,Noun,,,,,,
1790,lamb_2,jagnię,Zwierzęta,Ssaki,Noun,2,,,,,
1791,lamp,lampa,Urządzenia elektryczne,Ogólne,Noun,,,,,,
1792,lampshade,abażur,Budynki i dom,Przedmioty i wyposażenie domu,Noun,,,,,,
1793,lampshade_2,abażur,Budynki i dom,Przedmioty i wyposażenie domu,Noun,2,,,,,
1794,lantern,latarnia,Urządzenia elektryczne,Ogólne,Noun,,,,,,
1795,lantern_2,latarnia,Urządzenia elektryczne,Ogólne,Noun,2,,,,,
1796,laptop,laptop,Komputer,Sprzęt i obsługa,Noun,,,,,,
1797,large,duży,Określenia,Ilość i miara,Noun,,,,,,
1798,lasagne,lasagne,Jedzenie,Posiłki i przekąski,Noun,,,,,,
1799,last,ostatni,Określenia,Położenie,Noun,,,,,,
1800,last_2,ostatni,Określenia,Położenie,Noun,2,,,,,
1801,last_month,zeszły miesiąc,Określenia,Czas,Noun,,,,,,
1802,Last_Supper,Ostatnia Wieczerza,Religia,Święta,Noun,,,,,,
1803,laughing_lady,roześmiana (kobieta),Ludzie,Uczucia i emocje,Noun,,,,płeć postaci: kobieta,,
1804,laughing_man,roześmiany (mężczyzna),Ludzie,Uczucia i emocje,Noun,,,,płeć postaci: mężczyzna,,
1805,laundry_basket,kosz na pranie,Budynki i dom,Przedmioty i wyposażenie domu,Noun,,,,,,
1806,lava_lamp,lampa lava,Wypoczynek i zabawa,Zabawki,Noun,,,,,,
1807,lawnmower,kosiarka,Narzędzia,Ogrodnicze,Noun,,,,,,
1808,lead,smycz,Zwierzęta,Pielęgnacja zwierząt,Noun,,,,,,
1809,leaf,liść,Rośliny i drzewa,,Noun,,,,,,
1810,leaves,liście,Rośliny i drzewa,,Noun,,,,,,
1811,leek,por,Jedzenie,Warzywa i sałatki,Noun,,,,,,
1812,left,w lewo,Określenia,Kierunek,Noun,,,,kierunek; jako strona: lewy,,
1813,left_click,kliknięcie lewym przyciskiem,Komputer,Sprzęt i obsługa,Noun,,,,,,
1814,left_hand,lewa ręka,Zdrowie i higiena,Części ciała,Noun,,,,,,
1815,leg,noga,Zdrowie i higiena,Części ciała,Noun,,,,,,
1816,leg_warmers,ocieplacze na nogi,Ubrania,Odzież ogólna,Noun,,,,,,
1817,lego,klocki Lego,Wypoczynek i zabawa,Zabawki,Noun,,,,nazwa handlowa,B,
1818,legs,nogi,Zdrowie i higiena,Części ciała,Noun,,,,,,
1819,lemon,cytryna,Jedzenie,Owoce,Noun,,,,,,
1820,lemon_squash,syrop cytrynowy do rozcieńczania,Napoje,Rodzaje napojów,Noun,,,,brytyjski squash: skoncentrowany napój do rozcieńczania wodą,K,
1821,lemonade,lemoniada,Napoje,Rodzaje napojów,Noun,,,,,,
1822,lemonade_2,lemoniada,Napoje,Rodzaje napojów,Noun,2,,,,,
1823,lens,soczewka,Nauka,Ogólne,Noun,,,,,,
1824,Lent,Wielki Post,Religia,Święta,Noun,,,,,,
1825,lentils,soczewica,Jedzenie,Warzywa i sałatki,Noun,,,,,,
1826,leopard,lampart,Zwierzęta,Ssaki,Noun,,,,,,
1827,letter,list,Praca i szkoła,Przybory szkolne i biurowe,Noun,,,,,,
1828,lettuce,sałata,Jedzenie,Warzywa i sałatki,Noun,,,,,,
1829,lid,pokrywka,Jedzenie,Przybory i sprzęt kuchenny,Noun,,,,,,
1830,lid_2,pokrywka,Jedzenie,Przybory i sprzęt kuchenny,Noun,2,,,,,
1831,lift,winda,Budynki i dom,Konstrukcja i elementy budynku,Noun,,,,,,
1832,light,lekki,Określenia,Ilość i miara,Noun,,,,,,
1833,lightbulb,żarówka,Urządzenia elektryczne,Ogólne,Noun,,,,,,
1834,lily,lilia,Rośliny i drzewa,,Noun,,,,,,
1835,lime,limonka,Jedzenie,Owoce,Noun,,,,,,
1836,line_diagonal,linia ukośna,Określenia,Kształt,Noun,,,,,,
1837,line_horizontal,linia pozioma,Określenia,Kształt,Noun,,,,,,
1838,line_parallel,linie równoległe,Określenia,Kształt,Noun,,,,,,
1839,line_vertical,linia pionowa,Określenia,Kształt,Noun,,,,,,
1840,lion,lew,Zwierzęta,Ssaki,Noun,,,,,,
1841,lip_balm,pomadka ochronna,Zdrowie i higiena,Przedmioty do higieny i pielęgnacji,Noun,,,,,,
1842,lip_bottom,warga dolna,Zdrowie i higiena,Części ciała,Noun,,,,,,
1843,lip_top,warga górna,Zdrowie i higiena,Części ciała,Noun,,,,,,
1844,lips_1,usta (wargi),Zdrowie i higiena,Części ciała,Noun,1,,,,,
1845,lipstick,szminka,Zdrowie i higiena,Przedmioty do higieny i pielęgnacji,Noun,,,,,,
1846,liquid_soap,mydło w płynie,Zdrowie i higiena,Przedmioty do higieny i pielęgnacji,Noun,,,,,,
1847,little,mało,Określenia,Ilość i miara,Noun,,,,,V,
1848,little_mac_switch,przełącznik Little Mac,Komunikacja,Sprzęt i pomoce AAC,Noun,,,,nazwa handlowa urządzenia,B,
1849,lizard,jaszczurka,Zwierzęta,Gady i płazy,Noun,,,,,,
1850,locker,szafka zamykana,Budynki i dom,Meble,Noun,,,,,V,
1851,log,kłoda,Rośliny i drzewa,,Noun,,,,,,
1852,lollipop,lizak,Jedzenie,Słodycze i desery,Noun,,,,,,
1853,long,długi,Określenia,Ilość i miara,Noun,,,,,,
1854,long_hair,długie włosy,Ludzie,Cechy i opis osób,Noun,,,,,,
1855,long_johns,kalesony,Ubrania,Odzież ogólna,Noun,,,,,,
1856,"look_in_mirror_,_to",przeglądać się w lustrze,Zdrowie i higiena,Czynności higieniczne,VerbComplex,,higiena i ubieranie się,ndk,,,
1857,lorry,ciężarówka,Transport,Drogowy,Noun,,,,,,
1858,lorry_2,ciężarówka,Transport,Drogowy,Noun,2,,,,,
1859,lost,zagubiony,Ludzie,Cechy i opis osób,Noun,,,,,,
1860,lotion,balsam,Zdrowie i higiena,Przedmioty do higieny i pielęgnacji,Noun,,,,,,
1861,lots_more,dużo więcej,Określenia,Ilość i miara,Noun,,,,,,
1862,loud,głośny,Określenia,Stan,Noun,,,,,,
1863,low_fat_2,niskotłuszczowy,Jedzenie,Dieta,Noun,2,,,,,
1864,lowest,najniższy,Określenia,Położenie,Noun,,,,,,
1865,lucky,mający szczęście,Określenia,Stan,Noun,,,,,,
1866,lump,guz,Zdrowie i higiena,Dolegliwości i stany zdrowia,Noun,,,,,V,
1867,lunch_1,drugie śniadanie,Jedzenie,Spożywanie posiłków i karmienie,Noun,1,,,,V,
1868,lunch_2,drugie śniadanie,Jedzenie,Spożywanie posiłków i karmienie,Noun,2,,,,V,
1869,lunch_box,pudełko śniadaniowe,Jedzenie,Spożywanie posiłków i karmienie,Noun,,,,,,
1870,lunch_box_1,pudełko śniadaniowe,Jedzenie,Spożywanie posiłków i karmienie,Noun,1,,,,,
1871,lunch_time,przerwa obiadowa,Praca i szkoła,Plan zajęć,Noun,,,,,,
1872,lungs,płuca,Zdrowie i higiena,Części ciała,Noun,,,,,,
1873,M,M (wielka litera),Alfabet,,Noun,,,,,,
1874,m_-_lower_case,m (mała litera),Alfabet,,Noun,,,,,,
1875,macadamias,orzechy makadamia,Jedzenie,Orzechy,Noun,,,,,,
1876,macaroni,makaron rurki,Jedzenie,Posiłki i przekąski,Noun,,,,,,
1877,macaroni_cheese,makaron zapiekany z serem,Jedzenie,Posiłki i przekąski,Noun,,,,,,
1878,magnet,magnes,Nauka,Ogólne,Noun,,,,,,
1879,magnetic,magnetyczny,Nauka,Ogólne,Noun,,,,,,
1880,main_course,danie główne,Jedzenie,Posiłki i przekąski,Noun,,,,,,
1881,mains_socket,gniazdko elektryczne,Urządzenia elektryczne,Ogólne,Noun,,,,,,
1882,"make_the_bed_,_to",ścielić łóżko,Budynki i dom,Prace domowe,VerbComplex,,prace domowe i ogrodowe,ndk,,,
1883,make_up,makijaż,Zdrowie i higiena,Przedmioty do higieny i pielęgnacji,Noun,,,,,,
1884,male_body,ciało mężczyzny,Zdrowie i higiena,Części ciała,Noun,,,,anatomia,R,
1885,man_-_face,twarz mężczyzny,Ludzie,Uczucia i emocje,Noun,,,,,,
1886,mange_tout,groszek cukrowy,Jedzenie,Warzywa i sałatki,Noun,,,,,,
1887,manger,żłóbek,Religia,Ogólne,Noun,,,,,,
1888,mango,mango,Jedzenie,Owoce,Noun,,,,,,
1889,marbles,szklane kulki,Wypoczynek i zabawa,Zabawki,Noun,,,,,,
1890,margarine,margaryna,Jedzenie,Nabiał,Noun,,,,,,
1891,marmite,Marmite,Jedzenie,Składniki,Noun,,,,brytyjska pasta drożdżowa; nazwa handlowa,BK,
1892,married,małżeństwo,Ludzie,Pokrewieństwo i relacje,Noun,,,,stan cywilny: w związku małżeńskim,V,
1893,marrow,kabaczek,Jedzenie,Warzywa i sałatki,Noun,,,,,,
1894,Mars,Mars,Nauka,Astronomia,Noun,,,,,,
1895,marshmallows,pianki marshmallow,Jedzenie,Słodycze i desery,Noun,,,,,,
1896,Mary,Maryja,Religia,Postacie,Noun,,,,,,
1897,mascara,tusz do rzęs,Zdrowie i higiena,Przedmioty do higieny i pielęgnacji,Noun,,,,,,
1898,"mash_,_to",rozgniatać,Jedzenie,Czynności kuchenne,Verb,,gotowanie i obróbka żywności,ndk,,,
1899,"mash_potato_,_to",ugniatać ziemniaki,Jedzenie,Czynności kuchenne,Noun,,gotowanie i obróbka żywności,ndk,w źródle gramatyka Noun mimo nazwy czasownikowej,G,
1900,mash_potato_1,puree ziemniaczane,Jedzenie,Posiłki i przekąski,Noun,1,,,,,
1901,mash_potato_2,puree ziemniaczane,Jedzenie,Posiłki i przekąski,Noun,2,,,,,
1902,masher,tłuczek do ziemniaków,Jedzenie,Przybory i sprzęt kuchenny,Noun,,,,,,
1903,mask_dustmask,maska przeciwpyłowa,Narzędzia,Warsztatowe,Noun,,,,,,
1904,masking_tape,taśma malarska,Praca i szkoła,Przybory szkolne i biurowe,Noun,,,,,,
1905,maths,matematyka,Praca i szkoła,Przedmioty szkolne,Noun,,,,,,
1906,maths_class,lekcja matematyki,Praca i szkoła,Plan zajęć,Noun,,,,,,
1907,mauve,liliowy,Plastyka,Kolory,Noun,,,,,,
1908,mauve_dark,ciemnoliliowy,Plastyka,Kolory,Noun,,,,,,
1909,mauve_light,jasnoliliowy,Plastyka,Kolory,Noun,,,,,,
1910,mayonnaise,majonez,Jedzenie,Nabiał,Noun,,,,,,
1911,measuring_cups,miarki (kubki),Jedzenie,Przybory i sprzęt kuchenny,Noun,,,,,,
1912,measuring_jug,kubek miarowy,Jedzenie,Przybory i sprzęt kuchenny,Noun,,,,,,
1913,measuring_spoons,miarki (łyżki),Jedzenie,Przybory i sprzęt kuchenny,Noun,,,,,,
1914,meat,mięso,Jedzenie,Mięso,Noun,,,,,,
1915,meatballs_and_spaghetti,spaghetti z klopsikami,Jedzenie,Posiłki i przekąski,Noun,,,,,,
1916,medal,medal,Sport,Sprzęt i akcesoria,Noun,,,,,,
1917,medicine,lek,Zdrowie i higiena,Przedmioty i sprzęt medyczny,Noun,,,,,,
1918,medicine_cabinet,apteczka (szafka),Budynki i dom,Meble,Noun,,,,,,
1919,melon,melon,Jedzenie,Owoce,Noun,,,,,,
1920,"melt_,_to",roztapiać,Jedzenie,Czynności kuchenne,Verb,,gotowanie i obróbka żywności,ndk,,,
1921,memory_card,karta pamięci,Urządzenia elektryczne,Media i fotografia,Noun,,,,,,
1922,memory_card_2,karta pamięci,Urządzenia elektryczne,Media i fotografia,Noun,2,,,,,
1923,mend,naprawiony,Określenia,Stan,Noun,,,,,V,
1924,mens_toilet,toaleta męska,Budynki i dom,Budynki i miejsca publiczne,Noun,,,,,,
1925,menu,menu,Jedzenie,Posiłki i przekąski,Noun,,,,,,
1926,Mercury,Merkury,Nauka,Astronomia,Noun,,,,,,
1927,meringues,bezy,Jedzenie,Słodycze i desery,Noun,,,,,,
1928,merry_go_round,karuzela,Wypoczynek i zabawa,Plac zabaw,Noun,,,,,,
1929,messy_clothes,nieporządne ubranie,Określenia,Stan,Noun,,,,,V,
1930,messy_room,bałagan w pokoju,Określenia,Stan,Noun,,,,,,
1931,microphone,mikrofon,Muzyka,Instrumenty,Noun,,,,,,
1932,microscope,mikroskop,Nauka,Ogólne,Noun,,,,,,
1933,microwave,kuchenka mikrofalowa,Jedzenie,Przybory i sprzęt kuchenny,Noun,,,,,,
1934,middle,środek,Określenia,Położenie,Noun,,,,,,
1935,milk,mleko,Napoje,Rodzaje napojów,Noun,,,,,,
1936,milk_2_litre,mleko (2 litry),Jedzenie,Nabiał,Noun,,,,,,
1937,milk_bottle,butelka mleka,Jedzenie,Nabiał,Noun,,,,,,
1938,milk_carton,karton mleka,Jedzenie,Nabiał,Noun,,,,,,
1939,milk_person_1a,mleczarz (dostawca mleka),Ludzie,Zawody,Noun,1a,,,"_1x = postać męska, _2x = żeńska; a/b = odcień skóry",,
1940,milk_person_1b,mleczarz (dostawca mleka),Ludzie,Zawody,Noun,1b,,,"_1x = postać męska, _2x = żeńska; a/b = odcień skóry",,
1941,milk_person_2a,mleczarka (dostawczyni mleka),Ludzie,Zawody,Noun,2a,,,"_1x = postać męska, _2x = żeńska; a/b = odcień skóry",,
1942,milk_person_2b,mleczarka (dostawczyni mleka),Ludzie,Zawody,Noun,2b,,,"_1x = postać męska, _2x = żeńska; a/b = odcień skóry",,
1943,milkshake,koktajl mleczny,Napoje,Rodzaje napojów,Noun,,,,,,
1944,milkshake_banana,koktajl mleczny bananowy,Jedzenie,Słodycze i desery,Noun,,,,,,
1945,milkshake_chocolate,koktajl mleczny czekoladowy,Jedzenie,Słodycze i desery,Noun,,,,,,
1946,milkshake_strawberry,koktajl mleczny truskawkowy,Jedzenie,Słodycze i desery,Noun,,,,,,
1947,Milky_Way,Droga Mleczna,Nauka,Astronomia,Noun,,,,,,
1948,mince_pie,mince pie,Jedzenie,Pieczywo i wypieki,Noun,,,,brytyjska bożonarodzeniowa babeczka z bakaliowym nadzieniem,K,
1949,minced_meat,mięso mielone,Jedzenie,Mięso,Noun,,,,,,
1950,mini_bus,mikrobus,Transport,Drogowy,Noun,,,,,,
1951,mints,miętówki,Jedzenie,Słodycze i desery,Noun,,,,,,
1952,minute,minuta,Określenia,Czas,Noun,,,,,,
1953,mirror,lustro,Zdrowie i higiena,Przedmioty do higieny i pielęgnacji,Noun,,,,,,
1954,mirror_1,lustro,Budynki i dom,Meble,Noun,1,,,,,
1955,mirror_2,lustro,Budynki i dom,Meble,Noun,2,,,,,
1956,mirror_ball,kula dyskotekowa,Wypoczynek i zabawa,Zabawki,Noun,,,,,,
1957,mistake_no_wrong,błąd,Określenia,Stan,Noun,,,,,,
1958,mistletoe,jemioła,Rośliny i drzewa,,Noun,,,,,,
1959,mittens,rękawiczki jednopalczaste,Ubrania,Odzież ogólna,Noun,,,,,,
1960,mixer,mikser,Jedzenie,Przybory i sprzęt kuchenny,Noun,,,,,,
1961,mobile_phone,telefon komórkowy,Urządzenia elektryczne,Telefon,Noun,,,,,,
1962,mobile_phone_camera,aparat w telefonie,Urządzenia elektryczne,Telefon,Noun,,,,,,
1963,mobile_phone_case,etui na telefon,Urządzenia elektryczne,Telefon,Noun,,,,,,
1964,mobile_phone_cover,obudowa telefonu,Urządzenia elektryczne,Telefon,Noun,,,,,,
1965,mobile_phone_no,brak telefonu,Urządzenia elektryczne,Telefon,Noun,,,,,V,
1966,mobile_phone_number,numer telefonu,Urządzenia elektryczne,Telefon,Noun,,,,,,
1967,mobile_phone_ring_tone,dzwonek telefonu,Urządzenia elektryczne,Telefon,Noun,,,,,,
1968,mobile_phone_silent,telefon wyciszony,Urządzenia elektryczne,Telefon,Noun,,,,,,
1969,mobile_phone_text_message,SMS,Urządzenia elektryczne,Telefon,Noun,,,,,,
1970,mobile_phone_video,wideo w telefonie,Urządzenia elektryczne,Telefon,Noun,,,,,,
1971,mole,pieprzyk,Zdrowie i higiena,Części ciała,Noun,,,,,,
1972,money,pieniądze,Pieniądze,,Noun,,,,,,
1973,monster,potwór,Uroczystości,Przedmioty i dekoracje,Noun,,,,,,
1974,Moon,Księżyc,Nauka,Astronomia,Noun,,,,,,
1975,mop,mop,Budynki i dom,Przedmioty i wyposażenie domu,Noun,,,,,,
1976,moped,motorower,Transport,Drogowy,Noun,,,,,,
1977,more,więcej,Określenia,Ilość i miara,Noun,,,,,,
1978,morning,rano,Określenia,Czas,Noun,,,,,,
1979,most,najwięcej,Określenia,Ilość i miara,Noun,,,,,,
1980,moth,ćma,Zwierzęta,Pająki i owady,Noun,,,,,,
1981,motor_home,kamper,Transport,Drogowy,Noun,,,,,,
1982,motorcycle,motocykl,Transport,Drogowy,Noun,,,,,,
1983,mountains,góry,Wakacje i podróże,,Noun,,,,,,
1984,mouse,mysz,Zwierzęta,Ssaki,Noun,,,,,,
1985,mouse_mat,podkładka pod mysz,Komputer,Sprzęt i obsługa,Noun,,,,,,
1986,mouth,usta,Zdrowie i higiena,Części ciała,Noun,,,,,,
1987,mouthwash,płyn do płukania ust,Zdrowie i higiena,Przedmioty do higieny i pielęgnacji,Noun,,,,,,
1988,mouthwash_1,płyn do płukania ust,Zdrowie i higiena,Przedmioty do higieny i pielęgnacji,Noun,1,,,,,
1989,muesli,musli,Jedzenie,Pieczywo i wypieki,Noun,,,,,,
1990,mug_2,kubek,Napoje,Naczynia i miary,Noun,2,,,,,
1991,multi_media,multimedia,Urządzenia elektryczne,Media i fotografia,Noun,,,,,,
1992,multiply,mnożenie,Liczby,Działania i matematyka,Noun,,,,,,
1993,mum_parent,mama,Ludzie,Pokrewieństwo i relacje,Noun,,,,,,
1994,muscles,mięśnie,Zdrowie i higiena,Części ciała,Noun,,,,,,
1995,mushroom,grzyb,Jedzenie,Warzywa i sałatki,Noun,,,,,,
1996,music,muzyka,Praca i szkoła,Przedmioty szkolne,Noun,,,,,,
1997,music_class,lekcja muzyki,Praca i szkoła,Plan zajęć,Noun,,,,,,
1998,music_room,sala muzyczna,Budynki i dom,Budynki i pomieszczenia szkolne,Noun,,,,,,
1999,musical_instruments,instrumenty muzyczne,Wypoczynek i zabawa,Zabawki,Noun,,,,,,
2000,musician_1a,muzyk,Ludzie,Zawody,Noun,1a,,,"_1x = postać męska, _2x = żeńska; a/b = odcień skóry",,
2001,musician_1b,muzyk,Ludzie,Zawody,Noun,1b,,,"_1x = postać męska, _2x = żeńska; a/b = odcień skóry",,
2002,musician_2a,muzyczka,Ludzie,Zawody,Noun,2a,,,"_1x = postać męska, _2x = żeńska; a/b = odcień skóry",,
2003,musician_2b,muzyczka,Ludzie,Zawody,Noun,2b,,,"_1x = postać męska, _2x = żeńska; a/b = odcień skóry",,
2004,mussel,małż,Zwierzęta,Skorupiaki i mięczaki,Noun,,,,,,
2005,my_computer_icon,Mój komputer (ikona),Komputer,Interfejs i polecenia,Noun,,,,,,
2006,N,N (wielka litera),Alfabet,,Noun,,,,,,
2007,n_-_lower_case,n (mała litera),Alfabet,,Noun,,,,,,
2008,nail,gwóźdź,Narzędzia,Warsztatowe,Noun,,,,,,
2009,nail_care,pielęgnacja paznokci,Zdrowie i higiena,Przedmioty do higieny i pielęgnacji,Noun,,,,,,
2010,nail_clippers,obcinacz do paznokci,Zdrowie i higiena,Przedmioty do higieny i pielęgnacji,Noun,,,,,,
2011,nail_file,pilnik do paznokci,Zdrowie i higiena,Przedmioty do higieny i pielęgnacji,Noun,,,,,,
2012,nail_polish,lakier do paznokci,Zdrowie i higiena,Przedmioty do higieny i pielęgnacji,Noun,,,,,,
2013,nail_polish_remover,zmywacz do paznokci,Zdrowie i higiena,Przedmioty do higieny i pielęgnacji,Noun,,,,,,
2014,nappy,pieluszka,Zdrowie i higiena,Przedmioty do higieny i pielęgnacji,Noun,,,,,K,
2015,Nativity,Narodzenie Pańskie (scena żłóbka),Religia,Święta,Noun,,,,,V,
2016,near,blisko,Określenia,Położenie,Noun,,,,,,
2017,neck,szyja,Zdrowie i higiena,Części ciała,Noun,,,,,,
2018,necklace,naszyjnik,Ubrania,Biżuteria,Noun,,,,,,
2019,necklace_2,naszyjnik,Ubrania,Biżuteria,Noun,2,,,,,
2020,need_toilet,muszę do toalety,Komunikacja,Rozmowa,Noun,,,,,,
2021,neither,żaden z dwóch,Określenia,Ilość i miara,Noun,,,,,,
2022,Neptune,Neptun,Nauka,Astronomia,Noun,,,,,,
2023,nest,gniazdo,Zwierzęta,Siedliska i schronienia,Noun,,,,,,
2024,nest_of_tables,zestaw stolików,Budynki i dom,Meble,Noun,,,,,,
2025,networked_computers,komputery w sieci,Komputer,Interfejs i polecenia,Noun,,,,,,
2026,new_document,nowy dokument,Komputer,Interfejs i polecenia,Noun,,,,,,
2027,newspaper,gazeta,Praca i szkoła,Edukacja,Noun,,,,,,
2028,newspaper_person_1a,gazeciarz (doręczyciel gazet),Ludzie,Zawody,Noun,1a,,,"_1x = postać męska, _2x = żeńska; a/b = odcień skóry",,
2029,newspaper_person_1b,gazeciarz (doręczyciel gazet),Ludzie,Zawody,Noun,1b,,,"_1x = postać męska, _2x = żeńska; a/b = odcień skóry",,
2030,newspaper_person_2a,gazeciarka (doręczycielka gazet),Ludzie,Zawody,Noun,2a,,,"_1x = postać męska, _2x = żeńska; a/b = odcień skóry",,
2031,newspaper_person_2b,gazeciarka (doręczycielka gazet),Ludzie,Zawody,Noun,2b,,,"_1x = postać męska, _2x = żeńska; a/b = odcień skóry",,
2032,next,następny,Określenia,Położenie,Noun,,,,,,
2033,next_month,przyszły miesiąc,Określenia,Czas,Noun,,,,,,
2034,next_week,przyszły tydzień,Określenia,Czas,Noun,,,,,,
2035,night,noc,Określenia,Czas,Noun,,,,,,
2036,nightgown,koszula nocna,Ubrania,Odzież ogólna,Noun,,,,,,
2037,nine,dziewięć,Liczby,Liczebniki,Noun,,,,,,
2038,nine_dots,dziewięć (kropki),Liczby,Liczebniki,Noun,,,,,,
2039,nineteen,dziewiętnaście,Liczby,Liczebniki,Noun,,,,,,
2040,ninety,dziewięćdziesiąt,Liczby,Liczebniki,Noun,,,,,,
2041,no_class,brak lekcji,Praca i szkoła,Plan zajęć,Noun,,,,,,
2042,no_smoking_sign,zakaz palenia,Określenia,Stan,Noun,,,,,,
2043,noisy,hałaśliwy,Określenia,Stan,Noun,,,,,,
2044,non_speaking,osoba niemówiąca,Ludzie,Cechy i opis osób,Noun,,,,,,
2045,non-permeable,nieprzepuszczalny,Nauka,Ekologia,Noun,,,,,,
2046,noodles,"makaron (nitki, chiński)",Jedzenie,Makarony i ryż,Noun,,,,,V,
2047,north,północ,Określenia,Kierunek,Noun,,,,,,
2048,north_east,północny wschód,Określenia,Kierunek,Noun,,,,,,
2049,north_west,północny zachód,Określenia,Kierunek,Noun,,,,,,
2050,nosey_cup,kubek z wycięciem na nos,Jedzenie,Spożywanie posiłków i karmienie,Noun,,,,kubek Nosey; nazwa potoczna,V,
2051,nostril,nozdrze,Zdrowie i higiena,Części ciała,Noun,,,,,,
2052,notebook,notes,Praca i szkoła,Przybory szkolne i biurowe,Noun,,,,,,
2053,notepad,blok notatnikowy,Praca i szkoła,Przybory szkolne i biurowe,Noun,,,,,,
2054,now,teraz,Określenia,Czas,Noun,,,,,,
2055,nurse_1a,pielęgniarz,Ludzie,Zawody,Noun,1a,,,"_1x = postać męska, _2x = żeńska; a/b = odcień skóry",,
2056,nurse_1b,pielęgniarz,Ludzie,Zawody,Noun,1b,,,"_1x = postać męska, _2x = żeńska; a/b = odcień skóry",,
2057,nurse_2a,pielęgniarka,Ludzie,Zawody,Noun,2a,,,"_1x = postać męska, _2x = żeńska; a/b = odcień skóry",,
2058,nurse_2b,pielęgniarka,Ludzie,Zawody,Noun,2b,,,"_1x = postać męska, _2x = żeńska; a/b = odcień skóry",,
2059,nuts,orzechy,Jedzenie,Orzechy,Noun,,,,,,
2060,O,O (wielka litera),Alfabet,,Noun,,,,,,
2061,o_-_lower_case,o (mała litera),Alfabet,,Noun,,,,,,
2062,oak_leaf,liść dębu,Rośliny i drzewa,,Noun,,,,,,
2063,occupational_therapist_1a,terapeuta zajęciowy,Ludzie,Zawody,Noun,1a,,,"_1x = postać męska, _2x = żeńska; a/b = odcień skóry",,
2064,occupational_therapist_1b,terapeuta zajęciowy,Ludzie,Zawody,Noun,1b,,,"_1x = postać męska, _2x = żeńska; a/b = odcień skóry",,
2065,occupational_therapist_2a,terapeutka zajęciowa,Ludzie,Zawody,Noun,2a,,,"_1x = postać męska, _2x = żeńska; a/b = odcień skóry",,
2066,occupational_therapist_2b,terapeutka zajęciowa,Ludzie,Zawody,Noun,2b,,,"_1x = postać męska, _2x = żeńska; a/b = odcień skóry",,
2067,octagon,ośmiokąt,Określenia,Kształt,Noun,,,,,,
2068,off,poza,Określenia,Położenie,Noun,,,,,V,
2069,office_block,biurowiec,Budynki i dom,Biuro i fabryka,Noun,,,,,,
2070,old_object,stary przedmiot,Określenia,Stan,Noun,,,,,,
2071,old_person_1,starsza osoba,Ludzie,Cechy i opis osób,Noun,1,,,,,
2072,old_person_2,starsza osoba,Ludzie,Cechy i opis osób,Noun,2,,,,,
2073,old_person_3,starsza osoba,Ludzie,Cechy i opis osób,Noun,3,,,,,
2074,olive_oil,oliwa z oliwek,Jedzenie,Składniki,Noun,,,,,,
2075,olives,oliwki,Jedzenie,Warzywa i sałatki,Noun,,,,,,
2076,olympic_games,igrzyska olimpijskie,Sport,Dyscypliny i czynności sportowe,Noun,,,,,,
2077,olympic_rings,koła olimpijskie,Sport,Sprzęt i akcesoria,Noun,,,,,,
2078,olympic_torch,znicz olimpijski,Sport,Sprzęt i akcesoria,Noun,,,,,,
2079,olympic_torch_2,znicz olimpijski,Sport,Sprzęt i akcesoria,Noun,2,,,,,
2080,omelette,omlet,Jedzenie,Jaja,Noun,,,,,,
2081,on,na,Określenia,Położenie,Noun,,,,,,
2082,one,jeden,Liczby,Liczebniki,Noun,,,,polskie liczebniki odmieniają się przez rodzaj (jeden/jedna/jedno),,
2083,one_dot,jeden (kropka),Liczby,Liczebniki,Noun,,,,,,
2084,one_hour,godzina,Określenia,Czas,Noun,,,,,,
2085,one_third,jedna trzecia,Określenia,Kształt,Noun,,,,,,
2086,onion,cebula,Jedzenie,Warzywa i sałatki,Noun,,,,,,
2087,onion_rings,krążki cebulowe,Jedzenie,Posiłki i przekąski,Noun,,,,,,
2088,opaque,nieprzezroczysty,Nauka,Ogólne,Noun,,,,,,
2089,open,otwarty,Określenia,Stan,Noun,,,,,,
2090,open_2,otwarty,Określenia,Położenie,Noun,2,,,,,
2091,open_shop,sklep otwarty,Budynki i dom,Sklep,Noun,,,,,,
2092,"open_tin_,_to",otwierać puszkę,Jedzenie,Czynności kuchenne,VerbComplex,,gotowanie i obróbka żywności,ndk,,,
2093,operating_theatre,sala operacyjna,Budynki i dom,Budynki i miejsca publiczne,Noun,,,,,,
2094,operation,operacja,Zdrowie i higiena,Dolegliwości i stany zdrowia,Noun,,,,,,
2095,opposite,naprzeciwko,Określenia,Położenie,Noun,,,,,,
2096,orange,pomarańcza,Jedzenie,Owoce,Noun,,,,,,
2097,orange_2,pomarańcza,Jedzenie,Owoce,Noun,2,,,,,
2098,orange_fizzy_drink,pomarańczowy napój gazowany,Napoje,Rodzaje napojów,Noun,,,,,,
2099,orange_juice,sok pomarańczowy,Napoje,Rodzaje napojów,Noun,,,,,,
2100,orange_squash,syrop pomarańczowy do rozcieńczania,Napoje,Rodzaje napojów,Noun,,,,brytyjski squash,K,
2101,ostrich,struś,Zwierzęta,Ptaki,Noun,,,,,,
2102,out,na zewnątrz,Określenia,Kierunek,Noun,,,,,,
2103,outbox,skrzynka nadawcza,Komputer,Interfejs i polecenia,Noun,,,,,,
2104,outside,na zewnątrz,Określenia,Położenie,Noun,,,,,,
2105,oval,owal,Określenia,Kształt,Noun,,,,,,
2106,over,ponad,Określenia,Położenie,Noun,,,,,,
2107,owl,sowa,Zwierzęta,Ptaki,Noun,,,,,,
2108,oxygen_mask,maska tlenowa,Zdrowie i higiena,Przedmioty i sprzęt medyczny,Noun,,,,,,
2109,oyster,ostryga,Zwierzęta,Skorupiaki i mięczaki,Noun,,,,,,
2110,oyster_2,ostryga,Zwierzęta,Skorupiaki i mięczaki,Noun,2,,,,,
2111,ozone_layer,warstwa ozonowa,Nauka,Ogólne,Noun,,,,,,
2112,P,P (wielka litera),Alfabet,,Noun,,,,,,
2113,p_-_lower_case,p (mała litera),Alfabet,,Noun,,,,,,
2114,packed_lunch,drugie śniadanie na wynos,Jedzenie,Posiłki i przekąski,Noun,,,,,V,
2115,packed_lunch_2,drugie śniadanie na wynos,Jedzenie,Posiłki i przekąski,Noun,2,,,,V,
2116,paddles,wiosła,Transport,Wodny,Noun,,,,,,
2117,paint,farba,Narzędzia,Warsztatowe,Noun,,,,,,
2118,paint_box,pudełko z farbami,Plastyka,Tworzenie,Noun,,,,,,
2119,paint_brush,pędzelek,Praca i szkoła,Przybory szkolne i biurowe,Noun,,,,,,
2120,paint_brush_2,pędzel,Narzędzia,Warsztatowe,Noun,2,,,,,
2121,paint_childs,farby dla dzieci,Praca i szkoła,Przybory szkolne i biurowe,Noun,,,,,,
2122,palm,palma,Rośliny i drzewa,,Noun,,,,,,
2123,Palm_Sunday,Niedziela Palmowa,Religia,Święta,Noun,,,,,,
2124,palm_tree,palma,Wakacje i podróże,,Noun,,,,,,
2125,pancake_2,naleśnik,Jedzenie,Pieczywo i wypieki,Noun,2,,,,,
2126,pancakes,naleśniki,Jedzenie,Pieczywo i wypieki,Noun,,,,,,
2127,panda,panda,Zwierzęta,Ssaki,Noun,,,,,,
2128,pants,majtki,Ubrania,Odzież ogólna,Noun,,,,"w brytyjskim angielskim pants to bielizna, nie spodnie",V,
2129,paper,papier,Praca i szkoła,Przybory szkolne i biurowe,Noun,,,,,,
2130,paper_towel,ręcznik papierowy,Jedzenie,Przybory i sprzęt kuchenny,Noun,,,,,,
2131,paper_towels,ręczniki papierowe,Zdrowie i higiena,Przedmioty do higieny i pielęgnacji,Noun,,,,,,
2132,paperclip,spinacz,Praca i szkoła,Przybory szkolne i biurowe,Noun,,,,,,
2133,para_olympic_games,igrzyska paraolimpijskie,Sport,Dyscypliny i czynności sportowe,Noun,,,,,,
2134,parachute,spadochron,Transport,Powietrzny,Noun,,,,,,
2135,parade_1,parada,Uroczystości,Wydarzenia,Noun,1,,,,,
2136,parade_2,parada,Uroczystości,Wydarzenia,Noun,2,,,,,
2137,parallelogram,równoległobok,Określenia,Kształt,Noun,,,,,,
2138,paramedic_1a,ratownik medyczny,Ludzie,Zawody,Noun,1a,,,"_1x = postać męska, _2x = żeńska; a/b = odcień skóry",,
2139,paramedic_1b,ratownik medyczny,Ludzie,Zawody,Noun,1b,,,"_1x = postać męska, _2x = żeńska; a/b = odcień skóry",,
2140,paramedic_2a,ratowniczka medyczna,Ludzie,Zawody,Noun,2a,,,"_1x = postać męska, _2x = żeńska; a/b = odcień skóry",,
2141,paramedic_2b,ratowniczka medyczna,Ludzie,Zawody,Noun,2b,,,"_1x = postać męska, _2x = żeńska; a/b = odcień skóry",,
2142,parents,rodzice,Ludzie,Pokrewieństwo i relacje,Noun,,,,,,
2143,parrot,papuga,Zwierzęta,Ptaki,Noun,,,,,,
2144,parsnip,pasternak,Jedzenie,Warzywa i sałatki,Noun,,,,,,
2145,part,część,Określenia,Ilość i miara,Noun,,,,,,
2146,partner,partner,Ludzie,Pokrewieństwo i relacje,Noun,,,,,V,
2147,party_celebration,przyjęcie,Uroczystości,Wydarzenia,Noun,,,,,,
2148,party_popper,wystrzałowe konfetti,Uroczystości,Przedmioty i dekoracje,Noun,,,,,V,
2149,passion_flower,passiflora,Rośliny i drzewa,,Noun,,,,,,
2150,passion_fruit,marakuja,Jedzenie,Owoce,Noun,,,,,,
2151,passport,paszport,Wakacje i podróże,,Noun,,,,,,
2152,past,przeszłość,Określenia,Czas,Noun,,,,,,
2153,pasta,makaron,Jedzenie,Makarony i ryż,Noun,,,,,,
2154,pasta_sauce,sos do makaronu,Jedzenie,Składniki,Noun,,,,,,
2155,paste,wklej (polecenie),Komputer,Interfejs i polecenia,Noun,,,,,,
2156,pastie,pasty (pasty kornwalijskie),Jedzenie,Posiłki i przekąski,Noun,,,,literówka lub wariant pisowni pasty/pastie; brytyjskie danie,EK,
2157,pastry,ciasto kruche,Jedzenie,Pieczywo i wypieki,Noun,,,,,V,
2158,patch_on_clothes,łata,Ubrania,Odzież ogólna,Noun,,,,,,
2159,pate,pasztet,Jedzenie,Posiłki i przekąski,Noun,,,,,,
2160,paw,łapa,Zwierzęta,Cechy i części ciała zwierząt,Noun,,,,,,
2161,paw_1,łapa,Zwierzęta,Cechy i części ciała zwierząt,Noun,1,,,,,
2162,PE,wychowanie fizyczne,Praca i szkoła,Przedmioty szkolne,Noun,,,,,,
2163,PE_class,lekcja wychowania fizycznego,Praca i szkoła,Plan zajęć,Noun,,,,,,
2164,pea,groszek (ziarno),Jedzenie,Warzywa i sałatki,Noun,,,,,,
2165,peach,brzoskwinia,Jedzenie,Owoce,Noun,,,,,,
2166,peacock,paw,Zwierzęta,Ptaki,Noun,,,,,,
2167,peanut,orzeszek ziemny,Jedzenie,Orzechy,Noun,,,,,,
2168,peanut_2,orzeszek ziemny,Jedzenie,Orzechy,Noun,2,,,,,
2169,peanut_butter,masło orzechowe,Jedzenie,Składniki,Noun,,,,,,
2170,pear,gruszka,Jedzenie,Owoce,Noun,,,,,,
2171,peas,groszek,Jedzenie,Warzywa i sałatki,Noun,,,,,,
2172,pecan,orzech pekan,Jedzenie,Orzechy,Noun,,,,,,
2173,"peel_,_to",obierać,Jedzenie,Czynności kuchenne,Verb,,gotowanie i obróbka żywności,ndk,,,
2174,peeler,obieraczka,Jedzenie,Przybory i sprzęt kuchenny,Noun,,,,,,
2175,pelican,pelikan,Zwierzęta,Ptaki,Noun,,,,,,
2176,pen,długopis,Praca i szkoła,Przybory szkolne i biurowe,Noun,,,,,,
2177,pen_and_paper,długopis i papier,Plastyka,Tworzenie,Noun,,,,,,
2178,pen_and_paper_2,długopis i papier,Plastyka,Tworzenie,Noun,2,,,,,
2179,pencil,ołówek,Praca i szkoła,Przybory szkolne i biurowe,Noun,,,,,,
2180,pencil_and_paper,ołówek i papier,Plastyka,Tworzenie,Noun,,,,,,
2181,pencil_and_paper_2,ołówek i papier,Plastyka,Tworzenie,Noun,2,,,,,
2182,pencil_box,piórnik (pudełko),Praca i szkoła,Przybory szkolne i biurowe,Noun,,,,,,
2183,pencil_case,piórnik,Praca i szkoła,Przybory szkolne i biurowe,Noun,,,,,,
2184,pencil_sharpener,temperówka,Praca i szkoła,Przybory szkolne i biurowe,Noun,,,,,,
2185,pencil_sharpener_2,temperówka,Praca i szkoła,Przybory szkolne i biurowe,Noun,2,,,,,
2186,penguin,pingwin,Zwierzęta,Ptaki,Noun,,,,,,
2187,penis,prącie,Zdrowie i higiena,Części ciała,Noun,,,,anatomia,R,
2188,pentagon,pięciokąt,Określenia,Kształt,Noun,,,,,,
2189,pepper,papryka,Jedzenie,Warzywa i sałatki,Noun,,,,,,
2190,pepper_mill,młynek do pieprzu,Jedzenie,Przybory i sprzęt kuchenny,Noun,,,,,,
2191,percent,procent,Liczby,Działania i matematyka,Noun,,,,,,
2192,perfume,perfumy,Zdrowie i higiena,Przedmioty do higieny i pielęgnacji,Noun,,,,,,
2193,"perm_,_to",robić trwałą,Zdrowie i higiena,Czynności higieniczne,Verb,,higiena i ubieranie się,ndk,,,
2194,permeable,przepuszczalny,Nauka,Ekologia,Noun,,,,,,
2195,personal_passport,paszport komunikacyjny,Komunikacja,Sprzęt i pomoce AAC,Noun,,,,,V,
2196,pestle_and_mortar,moździerz z tłuczkiem,Jedzenie,Przybory i sprzęt kuchenny,Noun,,,,,,
2197,pet_blanket,kocyk dla zwierzaka,Zwierzęta,Pielęgnacja zwierząt,Noun,,,,,,
2198,pet_brush,szczotka dla zwierzaka,Zwierzęta,Pielęgnacja zwierząt,Noun,,,,,,
2199,pet_carrier,transporter dla zwierząt,Zwierzęta,Siedliska i schronienia,Noun,,,,,,
2200,pet_carrying_basket,koszyk do przenoszenia zwierząt,Zwierzęta,Siedliska i schronienia,Noun,,,,,,
2201,pet_comb,grzebień dla zwierzaka,Zwierzęta,Pielęgnacja zwierząt,Noun,,,,,,
2202,petal,płatek,Rośliny i drzewa,,Noun,,,,,,
2203,petrol_tanker,cysterna z paliwem,Transport,Drogowy,Noun,,,,,,
2204,petticoat,halka,Ubrania,Odzież ogólna,Noun,,,,,,
2205,phone_picture_video,zdjęcia i wideo w telefonie,Urządzenia elektryczne,Telefon,Noun,,,,,V,
2206,photocopier,kserokopiarka,Budynki i dom,Sprzęt i urządzenia,Noun,,,,,,
2207,photographs,zdjęcia,Wakacje i podróże,,Noun,,,,,,
2208,physio_therapist_1a,fizjoterapeuta,Ludzie,Zawody,Noun,1a,,,"_1x = postać męska, _2x = żeńska; a/b = odcień skóry",,
2209,physio_therapist_1b,fizjoterapeuta,Ludzie,Zawody,Noun,1b,,,"_1x = postać męska, _2x = żeńska; a/b = odcień skóry",,
2210,physio_therapist_2a,fizjoterapeutka,Ludzie,Zawody,Noun,2a,,,"_1x = postać męska, _2x = żeńska; a/b = odcień skóry",,
2211,physio_therapist_2b,fizjoterapeutka,Ludzie,Zawody,Noun,2b,,,"_1x = postać męska, _2x = żeńska; a/b = odcień skóry",,
2212,piano,pianino,Muzyka,Instrumenty,Noun,,,,,V,
2213,pick_and_mix,słodycze na wagę (pick and mix),Jedzenie,Słodycze i desery,Noun,,,,,K,
2214,picnic,piknik,Jedzenie,Posiłki i przekąski,Noun,,,,,,
2215,picture,obraz,Budynki i dom,Meble,Noun,,,,,,
2216,picture_frame,ramka na zdjęcie,Budynki i dom,Meble,Noun,,,,,,
2217,pie,ciasto z nadzieniem (pie),Jedzenie,Pieczywo i wypieki,Noun,,,,,,
2218,pie_apple,szarlotka,Jedzenie,Słodycze i desery,Noun,,,,,,
2219,pie_chart,wykres kołowy,Liczby,Działania i matematyka,Noun,,,,,,
2220,pie_cherry,placek z wiśniami,Jedzenie,Słodycze i desery,Noun,,,,,,
2221,pie_meat,pasztecik mięsny,Jedzenie,Mięso,Noun,,,,,V,
2222,piglet,prosiak,Zwierzęta,Ssaki,Noun,,,,,,
2223,pilot_1a,pilot,Ludzie,Zawody,Noun,1a,,,"_1x = postać męska, _2x = żeńska; a/b = odcień skóry",,
2224,pilot_1b,pilot,Ludzie,Zawody,Noun,1b,,,"_1x = postać męska, _2x = żeńska; a/b = odcień skóry",,
2225,pilot_2a,pilotka,Ludzie,Zawody,Noun,2a,,,"_1x = postać męska, _2x = żeńska; a/b = odcień skóry",,
2226,pilot_2b,pilotka,Ludzie,Zawody,Noun,2b,,,"_1x = postać męska, _2x = żeńska; a/b = odcień skóry",,
2227,pine_cone,szyszka,Rośliny i drzewa,,Noun,,,,,,
2228,pine_nut,orzeszek piniowy,Jedzenie,Orzechy,Noun,,,,,,
2229,pineapple,ananas,Jedzenie,Owoce,Noun,,,,,,
2230,pineapple_juice,sok ananasowy,Napoje,Rodzaje napojów,Noun,,,,,,
2231,pink,różowy,Plastyka,Kolory,Noun,,,,,,
2232,pink_bright,jaskraworóżowy,Plastyka,Kolory,Noun,,,,,,
2233,pink_pale,bladoróżowy,Plastyka,Kolory,Noun,,,,,,
2234,pint,pinta,Napoje,Naczynia i miary,Noun,,,,brytyjska miara objętości (ok. 568 ml),K,
2235,pint_half,pół pinty,Napoje,Naczynia i miary,Noun,,,,brytyjska miara objętości,K,
2236,pistachios,pistacje,Jedzenie,Orzechy,Noun,,,,,,
2237,pizza,pizza,Jedzenie,Posiłki i przekąski,Noun,,,,,,
2238,pizza_2,pizza,Jedzenie,Posiłki i przekąski,Noun,2,,,,,
2239,pizza_cutter,nóż do pizzy,Jedzenie,Przybory i sprzęt kuchenny,Noun,,,,,,
2240,place_mat,podkładka pod talerz,Jedzenie,Spożywanie posiłków i karmienie,Noun,,,,,,
2241,place_setting,nakrycie stołu,Jedzenie,Przybory i sprzęt kuchenny,Noun,,,,,,
2242,plane,strug,Narzędzia,Warsztatowe,Noun,,,,,,
2243,plane_landing,lądowanie samolotu,Transport,Powietrzny,Noun,,,,,,
2244,plane_take_off,start samolotu,Transport,Powietrzny,Noun,,,,,,
2245,planets,planety,Nauka,Astronomia,Noun,,,,,,
2246,plant,roślina,Rośliny i drzewa,,Noun,,,,,,
2247,plaster,plaster z opatrunkiem,Zdrowie i higiena,Przedmioty i sprzęt medyczny,Noun,,,,,,
2248,plastic,plastik,Nauka,Ogólne,Noun,,,,,,
2249,plastic_bag,torebka foliowa,Nauka,Ogólne,Noun,,,,,,
2250,plastic_pocket,koszulka na dokumenty,Praca i szkoła,Przybory szkolne i biurowe,Noun,,,,,,
2251,plate,talerz,Jedzenie,Przybory i sprzęt kuchenny,Noun,,,,,,
2252,plate_guard,osłona talerza,Jedzenie,Spożywanie posiłków i karmienie,Noun,,,,,,
2253,plate_lipped,talerz z wysokim brzegiem,Jedzenie,Spożywanie posiłków i karmienie,Noun,,,,,,
2254,play_area,plac zabaw,Wypoczynek i zabawa,Plac zabaw,Noun,,,,,,
2255,playdough,masa plastyczna (ciastolina),Nauka,Ogólne,Noun,,,,,,
2256,playing_card_picture,karta z figurą,Wypoczynek i zabawa,Gry,Noun,,,,,V,
2257,playing_cards,karty do gry,Wypoczynek i zabawa,Gry,Noun,,,,,,
2258,playing_cards_clubs,trefle (karty),Wypoczynek i zabawa,Gry,Noun,,,,,,
2259,playing_cards_diamonds,karo (karty),Wypoczynek i zabawa,Gry,Noun,,,,,,
2260,playing_cards_hearts,kiery (karty),Wypoczynek i zabawa,Gry,Noun,,,,,,
2261,playing_cards_patience,pasjans,Wypoczynek i zabawa,Gry,Noun,,,,,,
2262,playing_cards_spades,piki (karty),Wypoczynek i zabawa,Gry,Noun,,,,,,
2263,playstation,PlayStation,Urządzenia elektryczne,Media i fotografia,Noun,,,,nazwa handlowa,B,
2264,pliers,szczypce,Narzędzia,Warsztatowe,Noun,,,,,,
2265,plug_2,wtyczka,Urządzenia elektryczne,Ogólne,Noun,2,,,,,
2266,plum,śliwka,Jedzenie,Owoce,Noun,,,,,,
2267,plum_tomato,pomidor śliwkowy,Jedzenie,Warzywa i sałatki,Noun,,,,,,
2268,Pluto,Pluton,Nauka,Astronomia,Noun,,,,,,
2269,pocket,kieszeń,Ubrania,Odzież ogólna,Noun,,,,,,
2270,"point_,_to",wskazywać,Określenia,Kierunek,Verb,,komunikacja,ndk,,,
2271,pointed,spiczasty,Określenia,Kształt,Noun,,,,,,
2272,polar_bear,niedźwiedź polarny,Zwierzęta,Ssaki,Noun,,,,,,
2273,police_1a,policjant,Ludzie,Zawody,Noun,1a,,,tylko jeden wariant płci; płeć postaci do sprawdzenia na obrazie; a/b = odcień skóry,V,
2274,police_1b,policjant,Ludzie,Zawody,Noun,1b,,,tylko jeden wariant płci; płeć postaci do sprawdzenia na obrazie; a/b = odcień skóry,V,
2275,police_car,radiowóz,Transport,Drogowy,Noun,,,,,,
2276,police_helmet,hełm policyjny,Ubrania,Odzież ogólna,Noun,,,,,,
2277,police_radio,radio policyjne,Urządzenia elektryczne,Telefon,Noun,,,,,,
2278,"polish_nails_,_to",malować paznokcie,Zdrowie i higiena,Czynności higieniczne,VerbComplex,,higiena i ubieranie się,ndk,,,
2279,pond,staw,Budynki i dom,Ogród i gospodarstwo,Noun,,,,,,
2280,pool_hoist,podnośnik basenowy,Zdrowie i higiena,Przedmioty i sprzęt medyczny,Noun,,,,,,
2281,pool_snooker,bilard,Wypoczynek i zabawa,Gry,Noun,,,,,,
2282,"pop_champagne_cork_,_to",otwierać szampana,Napoje,Czynności,VerbComplex,,jedzenie i picie,ndk,,,
2283,pop_socks,podkolanówki,Ubrania,Odzież ogólna,Noun,,,,,,
2284,poppadoms,papadam,Jedzenie,Pieczywo i wypieki,Noun,,,,,,
2285,porcupine,jeżozwierz,Zwierzęta,Ssaki,Noun,,,,,,
2286,pork_chop,kotlet wieprzowy,Jedzenie,Mięso,Noun,,,,,,
2287,porridge,owsianka,Jedzenie,Pieczywo i wypieki,Noun,,,,,,
2288,porter_hospital_1a,sanitariusz transportowy,Ludzie,Zawody,Noun,1a,,,"_1x = postać męska, _2x = żeńska; a/b = odcień skóry",,
2289,porter_hospital_1b,sanitariusz transportowy,Ludzie,Zawody,Noun,1b,,,"_1x = postać męska, _2x = żeńska; a/b = odcień skóry",,
2290,porter_hospital_2a,sanitariuszka transportowa,Ludzie,Zawody,Noun,2a,,,"_1x = postać męska, _2x = żeńska; a/b = odcień skóry",,
2291,porter_hospital_2b,sanitariuszka transportowa,Ludzie,Zawody,Noun,2b,,,"_1x = postać męska, _2x = żeńska; a/b = odcień skóry",,
2292,post_person_1a,listonosz,Ludzie,Zawody,Noun,1a,,,"_1x = postać męska, _2x = żeńska; a/b = odcień skóry",,
2293,post_person_1b,listonosz,Ludzie,Zawody,Noun,1b,,,"_1x = postać męska, _2x = żeńska; a/b = odcień skóry",,
2294,post_person_2a,listonoszka,Ludzie,Zawody,Noun,2a,,,"_1x = postać męska, _2x = żeńska; a/b = odcień skóry",,
2295,post_person_2b,listonoszka,Ludzie,Zawody,Noun,2b,,,"_1x = postać męska, _2x = żeńska; a/b = odcień skóry",,
2296,post_van,samochód pocztowy,Transport,Drogowy,Noun,,,,,,
2297,post-it,karteczka samoprzylepna,Praca i szkoła,Przybory szkolne i biurowe,Noun,,,,,,
2298,pot,doniczka,Narzędzia,Ogrodnicze,Noun,,,,,,
2299,pot_noodle,Pot Noodle (zupka instant),Jedzenie,Posiłki i przekąski,Noun,,,,nazwa handlowa brytyjskiej zupki instant,BK,
2300,potato,ziemniak,Jedzenie,Warzywa i sałatki,Noun,,,,,,
2301,potted_plant,roślina doniczkowa,Rośliny i drzewa,,Noun,,,,,,
2302,pottery,ceramika,Nauka,Ogólne,Noun,,,,,,
2303,potty_chair,nocnik,Zdrowie i higiena,Przedmioty do higieny i pielęgnacji,Noun,,,,,,
2304,poultry,drób,Jedzenie,Drób,Noun,,,,,,
2305,"pour_cake_mixture_,_to",wlewać ciasto,Jedzenie,Słodycze i desery,Noun,,gotowanie i obróbka żywności,ndk,w źródle gramatyka Noun mimo nazwy czasownikowej,G,
2306,"pour_custard_,_to",polewać kremem,Jedzenie,Słodycze i desery,Verb,,gotowanie i obróbka żywności,ndk,"custard: krem angielski, realia brytyjskie",K,
2307,powder_puff,puszek do pudru,Zdrowie i higiena,Przedmioty do higieny i pielęgnacji,Noun,,,,,,
2308,power_switch,wyłącznik zasilania,Urządzenia elektryczne,Ogólne,Noun,,,,,,
2309,prawn,krewetka,Zwierzęta,Skorupiaki i mięczaki,Noun,,,,,,
2310,"pray_,_to",modlić się,Religia,Ogólne,Verb,,relacje społeczne i opieka,ndk,,,
2311,prayer,modlitwa,Religia,Ogólne,Noun,,,,,,
2312,present,prezent,Uroczystości,Przedmioty i dekoracje,Noun,,,,,,
2313,pretty,ładny,Ludzie,Cechy i opis osób,Noun,,,,,,
2314,pretzel,precel,Jedzenie,Pieczywo i wypieki,Noun,,,,,,
2315,prickles,kolce,Zwierzęta,Cechy i części ciała zwierząt,Noun,,,,,,
2316,print,drukuj (polecenie),Komputer,Interfejs i polecenia,Noun,,,,,,
2317,print_preview,podgląd wydruku,Komputer,Interfejs i polecenia,Noun,,,,,,
2318,printer,drukarka,Komputer,Sprzęt i obsługa,Noun,,,,,,
2319,prism_hexagonal,graniastosłup sześciokątny,Określenia,Kształt,Noun,,,,,,
2320,prism_triangular,graniastosłup trójkątny,Określenia,Kształt,Noun,,,,,,
2321,protein,białko (składnik odżywczy),Jedzenie,Dieta,Noun,,,,,,
2322,puffin,maskonur,Zwierzęta,Ptaki,Noun,,,,,,
2323,pull_along_toy,zabawka do ciągnięcia,Wypoczynek i zabawa,Zabawki,Noun,,,,,,
2324,pumice_stone,pumeks,Zdrowie i higiena,Przedmioty do higieny i pielęgnacji,Noun,,,,,,
2325,pumpkin,dynia,Jedzenie,Warzywa i sałatki,Noun,,,,,,
2326,pumpkin_lantern,dynia na Halloween,Uroczystości,Przedmioty i dekoracje,Noun,,,,,,
2327,pumpkin_pie,ciasto dyniowe,Uroczystości,Przedmioty i dekoracje,Noun,,,,,,
2328,pupil,źrenica,Zdrowie i higiena,Części ciała,Noun,,,,,,
2329,puppet,kukiełka,Wypoczynek i zabawa,Zabawki,Noun,,,,,,
2330,pureed_food,jedzenie zmiksowane,Jedzenie,Posiłki i przekąski,Noun,,,,,,
2331,pureed_food_2,jedzenie zmiksowane,Jedzenie,Posiłki i przekąski,Noun,2,,,,,
2332,Puritans,purytanie,Religia,Postacie,Noun,,,,,,
2333,purple,fioletowy,Plastyka,Kolory,Noun,,,,,,
2334,purse,portmonetka,Ubrania,Akcesoria,Noun,,,,,,
2335,"put_in_bin_,_to",wrzucać do kosza,Budynki i dom,Prace domowe,VerbComplex,,prace domowe i ogrodowe,ndk,,,
2336,"put_on_cap_,_to",zakładać czapkę,Zdrowie i higiena,Czynności higieniczne,VerbComplex,,higiena i ubieranie się,ndk,,,
2337,"put_on_coat_,_to",zakładać płaszcz,Zdrowie i higiena,Czynności higieniczne,VerbComplex,,higiena i ubieranie się,ndk,,,
2338,"put_out_rubbish_,_to",wystawiać śmieci,Budynki i dom,Prace domowe,VerbComplex,,prace domowe i ogrodowe,ndk,,,
2339,pyjamas,piżama,Ubrania,Odzież ogólna,Noun,,,,,,
2340,pyramid_square_base,ostrosłup o podstawie kwadratu,Określenia,Kształt,Noun,,,,,,
2341,pyramid_triangular_base,ostrosłup trójkątny,Określenia,Kształt,Noun,,,,,,
2342,Q,Q (wielka litera),Alfabet,,Noun,,,,,,
2343,q_-_lower_case,q (mała litera),Alfabet,,Noun,,,,,,
2344,quadrilateral,czworokąt,Określenia,Kształt,Noun,,,,,,
2345,quail,przepiórka,Zwierzęta,Ptaki,Noun,,,,,,
2346,quarter,ćwierć,Określenia,Ilość i miara,Noun,,,,,,
2347,quiche_flan,quiche,Jedzenie,Posiłki i przekąski,Noun,,,,,,
2348,quiet,cichy,Ludzie,Cechy i opis osób,Noun,,,,,,
2349,R,R (wielka litera),Alfabet,,Noun,,,,,,
2350,r_-_lower_case,r (mała litera),Alfabet,,Noun,,,,,,
2351,rabbit,królik,Zwierzęta,Ssaki,Noun,,,,,,
2352,rabbit_hutch,klatka dla królika,Zwierzęta,Siedliska i schronienia,Noun,,,,,,
2353,race_athletics,bieg (lekkoatletyka),Sport,Dyscypliny i czynności sportowe,Noun,,,,,,
2354,radish,rzodkiewka,Jedzenie,Warzywa i sałatki,Noun,,,,,,
2355,rain,deszcz,Środowisko,Pogoda,Noun,,,,,,
2356,rainbow,tęcza,Środowisko,Pogoda,Noun,,,,,,
2357,raincoat,płaszcz przeciwdeszczowy,Ubrania,Odzież ogólna,Noun,,,,,,
2358,raisin,rodzynka,Jedzenie,Owoce,Noun,,,,,,
2359,raisin_currants,rodzynki i korynki,Jedzenie,Owoce,Noun,,,,,V,
2360,rake,grabie,Narzędzia,Ogrodnicze,Noun,,,,,,
2361,ram,baran,Zwierzęta,Ssaki,Noun,,,,,,
2362,ramp,rampa,Zdrowie i higiena,Przedmioty i sprzęt medyczny,Noun,,,,,,
2363,rash,wysypka,Zdrowie i higiena,Dolegliwości i stany zdrowia,Noun,,,,,,
2364,rat,szczur,Zwierzęta,Ssaki,Noun,,,,,,
2365,rattle_snake,grzechotnik,Zwierzęta,Gady i płazy,Noun,,,,,,
2366,ravioli,ravioli,Jedzenie,Makarony i ryż,Noun,,,,,,
2367,razor,maszynka do golenia,Zdrowie i higiena,Przedmioty do higieny i pielęgnacji,Noun,,,,,,
2368,razor_electric,golarka elektryczna,Zdrowie i higiena,Przedmioty do higieny i pielęgnacji,Noun,,,,,,
2369,ready,gotowy,Ludzie,Cechy i opis osób,Noun,,,,,,
2370,ready_2,gotowy,Ludzie,Cechy i opis osób,Noun,2,,,,,
2371,ready_meal,gotowe danie,Jedzenie,Posiłki i przekąski,Noun,,,,,,
2372,ready_meal_lamb,gotowe danie z jagnięciną,Jedzenie,Posiłki i przekąski,Noun,,,,,,
2373,"receive_email_,_to",odbierać e-mail,Komputer,Interfejs i polecenia,VerbComplex,,obsługa urządzeń,ndk,,,
2374,recipe,przepis,Jedzenie,Posiłki i przekąski,Noun,,,,,,
2375,rectangle,prostokąt,Określenia,Kształt,Noun,,,,,,
2376,recycle_bin,kosz (na komputerze),Komputer,Interfejs i polecenia,Noun,,,,,,
2377,recycle_logo,znak recyklingu,Nauka,Ekologia,Noun,,,,,,
2378,recycling_bins,kosze do segregacji odpadów,Budynki i dom,Przedmioty i wyposażenie domu,Noun,,,,,V,
2379,red,czerwony,Plastyka,Kolory,Noun,,,,,,
2380,"refridgerate_,_to",wkładać do lodówki,Jedzenie,Czynności kuchenne,Verb,,gotowanie i obróbka żywności,ndk,literówka w źródle (refridgerate),E,
2381,refuse_collector_1a,pracownik wywozu odpadów,Ludzie,Zawody,Noun,1a,,,"_1x = postać męska, _2x = żeńska; a/b = odcień skóry",,
2382,refuse_collector_1b,pracownik wywozu odpadów,Ludzie,Zawody,Noun,1b,,,"_1x = postać męska, _2x = żeńska; a/b = odcień skóry",,
2383,refuse_collector_2a,pracownica wywozu odpadów,Ludzie,Zawody,Noun,2a,,,"_1x = postać męska, _2x = żeńska; a/b = odcień skóry",,
2384,refuse_collector_2b,pracownica wywozu odpadów,Ludzie,Zawody,Noun,2b,,,"_1x = postać męska, _2x = żeńska; a/b = odcień skóry",,
2385,refuse_lorry,śmieciarka,Transport,Drogowy,Noun,,,,,,
2386,reindeer,renifer,Zwierzęta,Ssaki,Noun,,,,,,
2387,"relax_3_,_to",relaksować się,Ludzie,Czynności,Verb,,odpoczynek i stany,ndk,,,
2388,remote_control,pilot,Urządzenia elektryczne,Media i fotografia,Noun,,,,,,
2389,"retire_,_to",przechodzić na emeryturę,Ludzie,Czynności,Verb,,praca,ndk,,,
2390,retired,emeryt,Ludzie,Cechy i opis osób,Noun,,,,,,
2391,rhinoceros,nosorożec,Zwierzęta,Ssaki,Noun,,,,,,
2392,rhombus,romb,Określenia,Kształt,Noun,,,,,,
2393,rhubarb,rabarbar,Jedzenie,Warzywa i sałatki,Noun,,,,,,
2394,ribbon,wstążka,Uroczystości,Przedmioty i dekoracje,Noun,,,,,,
2395,rice,ryż,Jedzenie,Makarony i ryż,Noun,,,,,,
2396,rice_cake,wafel ryżowy,Jedzenie,Makarony i ryż,Noun,,,,,V,
2397,rice_packet,ryż w woreczku,Jedzenie,Makarony i ryż,Noun,,,,,,
2398,"ride_horse_,_to",jeździć konno,Sport,Dyscypliny i czynności sportowe,VerbComplex,,"gra, sport i wypoczynek",ndk,,,
2399,riding_hat,kask jeździecki,Ubrania,Odzież sportowa,Noun,,,,,,
2400,rifle,karabin,Wojsko,,Noun,,,,,,
2401,right,w prawo,Określenia,Kierunek,Noun,,,,kierunek; jako strona: prawy,,
2402,right_click,kliknięcie prawym przyciskiem,Komputer,Sprzęt i obsługa,Noun,,,,,,
2403,right_hand,prawa ręka,Zdrowie i higiena,Części ciała,Noun,,,,,,
2404,ring,pierścionek,Ubrania,Biżuteria,Noun,,,,,,
2405,ring_binder,segregator,Praca i szkoła,Przybory szkolne i biurowe,Noun,,,,,,
2406,risen,zmartwychwstały,Religia,Święta,Noun,,,,,V,
2407,road,droga,Wakacje i podróże,,Noun,,,,,,
2408,roast_dinner,pieczony obiad (roast dinner),Jedzenie,Posiłki i przekąski,Noun,,,,brytyjski niedzielny obiad,K,
2409,robin,rudzik,Zwierzęta,Ptaki,Noun,,,,,,
2410,rocket,rakieta,Transport,Kosmiczny,Noun,,,,,,
2411,rocket_2,rakieta (fajerwerk),Uroczystości,Przedmioty i dekoracje,Noun,2,,,,V,
2412,rocking_chair,fotel bujany,Budynki i dom,Meble,Noun,,,,,,
2413,roll_on_deodorant,dezodorant w kulce,Zdrowie i higiena,Przedmioty do higieny i pielęgnacji,Noun,,,,,,
2414,"roll_pastry_,_to",wałkować ciasto,Jedzenie,Czynności kuchenne,VerbComplex,,gotowanie i obróbka żywności,ndk,,,
2415,roller_blind,roleta,Budynki i dom,Przedmioty i wyposażenie domu,Noun,,,,,,
2416,roller_coaster,kolejka górska,Wakacje i podróże,,Noun,,,,,,
2417,rolling_pin,wałek do ciasta,Jedzenie,Przybory i sprzęt kuchenny,Noun,,,,,,
2418,roman_blind,roleta rzymska,Budynki i dom,Przedmioty i wyposażenie domu,Noun,,,,,,
2419,room,pokój,Budynki i dom,Budynki i miejsca publiczne,Noun,,,,,,
2420,roots,korzenie,Rośliny i drzewa,,Noun,,,,,,
2421,rose,róża,Rośliny i drzewa,,Noun,,,,,,
2422,rosette,rozeta nagrodowa,Sport,Sprzęt i akcesoria,Noun,,,,,V,
2423,rotary_washing_line,suszarka obrotowa,Budynki i dom,Przedmioty i wyposażenie domu,Noun,,,,,,
2424,rowing_boat,łódź wiosłowa,Transport,Wodny,Noun,,,,,,
2425,Rudolph,renifer Rudolf,Uroczystości,Przedmioty i dekoracje,Noun,,,,,,
2426,rug,dywan,Budynki i dom,Przedmioty i wyposażenie domu,Noun,,,,,,
2427,rugby_ball,piłka do rugby,Sport,Sprzęt i akcesoria,Noun,,,,,,
2428,"run_,_to",biegać,Sport,Dyscypliny i czynności sportowe,Verb,,ruch,ndk,czasownik ruchu (biegać / biec),M,
2429,S,S (wielka litera),Alfabet,,Noun,,,,,,
2430,s_-_lower_case,s (mała litera),Alfabet,,Noun,,,,,,
2431,sack,worek,Uroczystości,Przedmioty i dekoracje,Noun,,,,,,
2432,sad_lady,smutna (kobieta),Ludzie,Uczucia i emocje,Noun,,,,płeć postaci: kobieta,,
2433,sad_man,smutny (mężczyzna),Ludzie,Uczucia i emocje,Noun,,,,płeć postaci: mężczyzna,,
2434,saddle,siodło,Zwierzęta,Pielęgnacja zwierząt,Noun,,,,,,
2435,saddle_2,siodło,Sport,Sprzęt i akcesoria,Noun,2,,,,,
2436,safety_goggles,okulary ochronne,Narzędzia,Warsztatowe,Noun,,,,,,
2437,safety_pin,agrafka,Zdrowie i higiena,Przedmioty do higieny i pielęgnacji,Noun,,,,,,
2438,sailor_1a,marynarz,Ludzie,Zawody,Noun,1a,,,tylko jeden wariant płci; płeć postaci do sprawdzenia na obrazie; a/b = odcień skóry,V,
2439,sailor_1b,marynarz,Ludzie,Zawody,Noun,1b,,,tylko jeden wariant płci; płeć postaci do sprawdzenia na obrazie; a/b = odcień skóry,V,
2440,salad,sałatka,Jedzenie,Warzywa i sałatki,Noun,,,,,,
2441,salad_packet,sałatka w opakowaniu,Jedzenie,Warzywa i sałatki,Noun,,,,,,
2442,salad_plate,talerz sałatki,Jedzenie,Warzywa i sałatki,Noun,,,,,,
2443,salami_sausage,kiełbasa salami,Jedzenie,Mięso,Noun,,,,,,
2444,salt,sól,Jedzenie,Przybory i sprzęt kuchenny,Noun,,,,,,
2445,"salt_,_to",solić,Jedzenie,Spożywanie posiłków i karmienie,Verb,,jedzenie i picie,ndk,,,
2446,salty,słony,Jedzenie,Spożywanie posiłków i karmienie,Noun,,,,,,
2447,same,taki sam,Określenia,Ilość i miara,Noun,,,,,,
2448,sand_pit,piaskownica,Wypoczynek i zabawa,Zabawki,Noun,,,,,,
2449,sandals,sandały,Ubrania,Odzież ogólna,Noun,,,,,,
2450,sandpaper,papier ścierny,Narzędzia,Warsztatowe,Noun,,,,,,
2451,sandwich,kanapka,Jedzenie,Posiłki i przekąski,Noun,,,,,,
2452,sandwich_cheese,kanapka z serem,Jedzenie,Posiłki i przekąski,Noun,,,,,,
2453,sandwich_chicken,kanapka z kurczakiem,Jedzenie,Posiłki i przekąski,Noun,,,,,,
2454,sandwich_ham,kanapka z szynką,Jedzenie,Posiłki i przekąski,Noun,,,,,,
2455,sandwich_sausage,kanapka z kiełbasą,Jedzenie,Posiłki i przekąski,Noun,,,,,,
2456,sandwich_toasted,kanapka opiekana,Jedzenie,Posiłki i przekąski,Noun,,,,,,
2457,sanitary_towel,podpaska,Zdrowie i higiena,Przedmioty do higieny i pielęgnacji,Noun,,,,,,
2458,satellite,satelita,Nauka,Astronomia,Noun,,,,,,
2459,satsuma,mandarynka,Jedzenie,Owoce,Noun,,,,,,
2460,Saturn,Saturn,Nauka,Astronomia,Noun,,,,,,
2461,sauce_apple,sos jabłkowy,Jedzenie,Składniki,Noun,,,,,,
2462,sauce_brown,brązowy sos (brown sauce),Jedzenie,Składniki,Noun,,,,brytyjski sos do dań wytrawnych,K,
2463,sauce_cranberry,sos żurawinowy,Jedzenie,Składniki,Noun,,,,,,
2464,sauce_tomato,sos pomidorowy,Jedzenie,Przybory i sprzęt kuchenny,Noun,,,,,,
2465,saucepan,rondel,Jedzenie,Przybory i sprzęt kuchenny,Noun,,,,,,
2466,saucer,spodek,Jedzenie,Przybory i sprzęt kuchenny,Noun,,,,,,
2467,sausage_and_mash,kiełbasa z puree,Jedzenie,Posiłki i przekąski,Noun,,,,,K,
2468,sausage_cumberland,kiełbasa cumberlandzka,Jedzenie,Mięso,Noun,,,,brytyjska kiełbasa regionalna,K,
2469,sausage_roll,kiełbaska w cieście,Jedzenie,Pieczywo i wypieki,Noun,,,,,K,
2470,sausage_roll_small,mała kiełbaska w cieście,Jedzenie,Pieczywo i wypieki,Noun,,,,,K,
2471,sausages,kiełbaski,Jedzenie,Mięso,Noun,,,,,,
2472,sausages_2,kiełbaski,Jedzenie,Mięso,Noun,2,,,,,
2473,save,zapisz (polecenie),Komputer,Interfejs i polecenia,Noun,,,,,,
2474,saw,piła,Narzędzia,Warsztatowe,Noun,,,,,,
2475,scales,waga kuchenna,Jedzenie,Przybory i sprzęt kuchenny,Noun,,,,,,
2476,scales_2,waga kuchenna,Jedzenie,Przybory i sprzęt kuchenny,Noun,2,,,,,
2477,scales_fish,łuski ryby,Zwierzęta,Cechy i części ciała zwierząt,Noun,,,,,,
2478,scanning,skanowanie,Komputer,Interfejs i polecenia,Noun,,,,,,
2479,scar,blizna,Zdrowie i higiena,Części ciała,Noun,,,,,,
2480,scarecrow,strach na wróble,Narzędzia,Ogrodnicze,Noun,,,,,,
2481,scarf,szalik,Ubrania,Odzież ogólna,Noun,,,,,,
2482,scary,straszny,Ludzie,Cechy i opis osób,Noun,,,,,,
2483,school,szkoła,Budynki i dom,Budynki i pomieszczenia szkolne,Noun,,,,,,
2484,school_1,szkoła,Budynki i dom,Budynki i pomieszczenia szkolne,Noun,1,,,,,
2485,school_bag,plecak szkolny,Ubrania,Akcesoria,Noun,,,,,,
2486,science,przyroda,Praca i szkoła,Przedmioty szkolne,Noun,,,,,V,
2487,science_class,lekcja przyrody,Praca i szkoła,Plan zajęć,Noun,,,,,,
2488,science_room,pracownia przyrodnicza,Budynki i dom,Budynki i pomieszczenia szkolne,Noun,,,,,,
2489,scissors,nożyczki,Zdrowie i higiena,Przedmioty do higieny i pielęgnacji,Noun,,,,,,
2490,scoop,łyżka do nakładania,Jedzenie,Przybory i sprzęt kuchenny,Noun,,,,,V,
2491,"scoop_,_to",nabierać łyżką,Jedzenie,Czynności kuchenne,Verb,,gotowanie i obróbka żywności,ndk,,,
2492,"score_goal_,_to",strzelać gola,Sport,Dyscypliny i czynności sportowe,Verb,,"gra, sport i wypoczynek",ndk,,,
2493,screw,wkręt,Narzędzia,Warsztatowe,Noun,,,,,,
2494,screwdriver,wkrętak,Narzędzia,Warsztatowe,Noun,,,,,,
2495,scrubbing_brush,szczotka do szorowania,Budynki i dom,Przedmioty i wyposażenie domu,Noun,,,,,,
2496,seagull,mewa,Zwierzęta,Ptaki,Noun,,,,,,
2497,seahorse,konik morski,Zwierzęta,Ryby i ssaki morskie,Noun,,,,,,
2498,seal,foka,Zwierzęta,Ryby i ssaki morskie,Noun,,,,,,
2499,seat_belt,pas bezpieczeństwa,Transport,Drogowy,Noun,,,,,,
2500,second,sekunda,Określenia,Czas,Noun,,,,,,
2501,second_3,drugi,Określenia,Położenie,Noun,3,,,,V,
2502,secretary_1a,sekretarz,Ludzie,Zawody,Noun,1a,,,"_1x = postać męska, _2x = żeńska; a/b = odcień skóry",,
2503,secretary_1b,sekretarz,Ludzie,Zawody,Noun,1b,,,"_1x = postać męska, _2x = żeńska; a/b = odcień skóry",,
2504,secretary_2a,sekretarka,Ludzie,Zawody,Noun,2a,,,"_1x = postać męska, _2x = żeńska; a/b = odcień skóry",,
2505,secretary_2b,sekretarka,Ludzie,Zawody,Noun,2b,,,"_1x = postać męska, _2x = żeńska; a/b = odcień skóry",,
2506,see_saw,huśtawka (równoważnia),Wypoczynek i zabawa,Plac zabaw,Noun,,,,,,
2507,seedling,sadzonka,Rośliny i drzewa,,Noun,,,,,,
2508,seeds,nasiona,Rośliny i drzewa,,Noun,,,,,,
2509,seizure,napad padaczkowy,Zdrowie i higiena,Dolegliwości i stany zdrowia,Noun,,,,,V,
2510,senses,zmysły,Zdrowie i higiena,Części ciała,Noun,,,,,,
2511,sensory_room,sala doświadczania świata,Budynki i dom,Budynki i pomieszczenia szkolne,Noun,,,,odpowiednik polskiego terminu dla sali sensorycznej,,
2512,sensory_tube,rura sensoryczna,Komunikacja,Sprzęt i pomoce AAC,Noun,,,,,V,
2513,serene_lady,pogodna (kobieta),Ludzie,Uczucia i emocje,Noun,,,,płeć postaci: kobieta,,
2514,serene_man,pogodny (mężczyzna),Ludzie,Uczucia i emocje,Noun,,,,płeć postaci: mężczyzna,,
2515,"serve_,_to",podawać,Jedzenie,Czynności kuchenne,Verb,,gotowanie i obróbka żywności,ndk,,,
2516,serviette,serwetka,Jedzenie,Spożywanie posiłków i karmienie,Noun,,,,,,
2517,"set_the_table_,_to",nakrywać do stołu,Budynki i dom,Prace domowe,VerbComplex,,prace domowe i ogrodowe,ndk,,,
2518,"set_timer_,_to",nastawiać minutnik,Jedzenie,Czynności kuchenne,VerbComplex,,gotowanie i obróbka żywności,ndk,,,
2519,settee_1,sofa,Budynki i dom,Meble,Noun,1,,,,,
2520,settee_2,sofa,Budynki i dom,Meble,Noun,2,,,,,
2521,seven,siedem,Liczby,Liczebniki,Noun,,,,,,
2522,seven_dots,siedem (kropki),Liczby,Liczebniki,Noun,,,,,,
2523,seventeen,siedemnaście,Liczby,Liczebniki,Noun,,,,,,
2524,seventy,siedemdziesiąt,Liczby,Liczebniki,Noun,,,,,,
2525,seventy_five_percent,siedemdziesiąt pięć procent,Określenia,Ilość i miara,Noun,,,,,,
2526,shallow,płytki,Określenia,Ilość i miara,Noun,,,,,,
2527,shampoo,szampon,Zdrowie i higiena,Przedmioty do higieny i pielęgnacji,Noun,,,,,,
2528,"shampoo_animal_,_to",myć zwierzę szamponem,Zwierzęta,Pielęgnacja zwierząt,VerbComplex,,relacje społeczne i opieka,ndk,,,
2529,"shampoo_hair_,_to",myć włosy,Zdrowie i higiena,Czynności higieniczne,VerbComplex,,higiena i ubieranie się,ndk,,,
2530,shape_puzzle,układanka z kształtami,Wypoczynek i zabawa,Zabawki,Noun,,,,,,
2531,shapes,kształty,Określenia,Kształt,Noun,,,,,,
2532,shapesorter,sorter kształtów,Wypoczynek i zabawa,Zabawki,Noun,,,,,,
2533,sharp,ostry,Określenia,Kształt,Noun,,,,,,
2534,"shave_,_to",golić się,Zdrowie i higiena,Czynności higieniczne,Verb,,higiena i ubieranie się,ndk,,,
2535,"shave_underarm_,_to",golić pachy,Zdrowie i higiena,Czynności higieniczne,VerbComplex,,higiena i ubieranie się,ndk,,,
2536,"shave_with_razor_,_to",golić się maszynką,Zdrowie i higiena,Czynności higieniczne,VerbComplex,,higiena i ubieranie się,ndk,,,
2537,shaving_cream,krem do golenia,Zdrowie i higiena,Przedmioty do higieny i pielęgnacji,Noun,,,,,,
2538,sheep,owca,Zwierzęta,Ssaki,Noun,,,,,,
2539,shells,muszle,Nauka,Ekologia,Noun,,,,,,
2540,shepherd_1a,pasterz,Ludzie,Zawody,Noun,1a,,,tylko jeden wariant płci; płeć postaci do sprawdzenia na obrazie; a/b = odcień skóry,V,
2541,shepherd_1b,pasterz,Ludzie,Zawody,Noun,1b,,,tylko jeden wariant płci; płeć postaci do sprawdzenia na obrazie; a/b = odcień skóry,V,
2542,shin,goleń,Zdrowie i higiena,Części ciała,Noun,,,,,,
2543,shiny,błyszczący,Określenia,Stan,Noun,,,,,,
2544,shirt,koszula,Ubrania,Odzież ogólna,Noun,,,,,,
2545,shoe_-_ladies,but damski,Ubrania,Odzież ogólna,Noun,,,,,,
2546,shoe_-_mans,but męski,Ubrania,Odzież ogólna,Noun,,,,,,
2547,shooting_star,spadająca gwiazda,Nauka,Ogólne,Noun,,,,,,
2548,shop,sklep,Budynki i dom,Sklep,Noun,,,,,,
2549,shop_2,sklep,Budynki i dom,Sklep,Noun,2,,,,,
2550,short,niski,Ludzie,Cechy i opis osób,Noun,,,,,,
2551,short_2,krótki,Określenia,Ilość i miara,Noun,2,,,,,
2552,short_hair,krótkie włosy,Ludzie,Cechy i opis osób,Noun,,,,,,
2553,shorts,szorty,Ubrania,Odzież ogólna,Noun,,,,,,
2554,shoulder,bark,Zdrowie i higiena,Części ciała,Noun,,,,,,
2555,shower,prysznic,Zdrowie i higiena,Przedmioty do higieny i pielęgnacji,Noun,,,,,,
2556,"shower_1_,_to",brać prysznic,Zdrowie i higiena,Czynności higieniczne,Verb,,higiena i ubieranie się,ndk,wariant obrazu,,
2557,"shower_2_,_to",brać prysznic,Zdrowie i higiena,Czynności higieniczne,Verb,,higiena i ubieranie się,ndk,wariant obrazu,,
2558,shower_cap,czepek pod prysznic,Zdrowie i higiena,Przedmioty do higieny i pielęgnacji,Noun,,,,,,
2559,shower_gel,żel pod prysznic,Zdrowie i higiena,Przedmioty do higieny i pielęgnacji,Noun,,,,,,
2560,shrew,ryjówka,Zwierzęta,Ssaki,Noun,,,,,,
2561,shrimp,krewetka,Jedzenie,Ryby i owoce morza,Noun,,,,,,
2562,Shrove_Tuesday_1,"ostatki (Shrove Tuesday, dzień naleśników)",Religia,Święta,Noun,1,,,brytyjski zwyczaj jedzenia naleśników,K,
2563,shuttlecock,lotka,Sport,Sprzęt i akcesoria,Noun,,,,,,
2564,side,bok,Określenia,Położenie,Noun,,,,,V,
2565,sieve,sito,Jedzenie,Przybory i sprzęt kuchenny,Noun,,,,,,
2566,"sieve_,_to",przesiewać,Jedzenie,Czynności kuchenne,Verb,,gotowanie i obróbka żywności,ndk,,,
2567,signpost,drogowskaz,Transport,Drogowy,Noun,,,,,,
2568,signpost_1,drogowskaz,Transport,Drogowy,Noun,1,,,,,
2569,silence,cisza,Nauka,Ogólne,Noun,,,,,,
2570,simnel_cake,ciasto simnel,Jedzenie,Potrawy świąteczne,Noun,,,,brytyjskie ciasto wielkanocne z marcepanem,K,
2571,singer_1a,śpiewak,Ludzie,Zawody,Noun,1a,,,"_1x = postać męska, _2x = żeńska; a/b = odcień skóry",,
2572,singer_1b,śpiewak,Ludzie,Zawody,Noun,1b,,,"_1x = postać męska, _2x = żeńska; a/b = odcień skóry",,
2573,singer_2a,śpiewaczka,Ludzie,Zawody,Noun,2a,,,"_1x = postać męska, _2x = żeńska; a/b = odcień skóry",,
2574,singer_2b,śpiewaczka,Ludzie,Zawody,Noun,2b,,,"_1x = postać męska, _2x = żeńska; a/b = odcień skóry",,
2575,single_bed,łóżko jednoosobowe,Budynki i dom,Meble,Noun,,,,,,
2576,sink,zlew,Jedzenie,Przybory i sprzęt kuchenny,Noun,,,,,,
2577,sink_2,zlew,Budynki i dom,Przedmioty i wyposażenie domu,Noun,2,,,,,
2578,sister,siostra,Ludzie,Pokrewieństwo i relacje,Noun,,,,,,
2579,"sit_at_computer_,_to",siedzieć przy komputerze,Komputer,Sprzęt i obsługa,VerbComplex,,obsługa urządzeń,ndk,,,
2580,"sit_at_computer_,_to_2",siedzieć przy komputerze,Komputer,Sprzęt i obsługa,VerbComplex,2,obsługa urządzeń,ndk,wariant obrazu; sufiks po numerze (niespójny),,
2581,six,sześć,Liczby,Liczebniki,Noun,,,,,,
2582,six_dots,sześć (kropki),Liczby,Liczebniki,Noun,,,,,,
2583,sixteen,szesnaście,Liczby,Liczebniki,Noun,,,,,,
2584,sixty,sześćdziesiąt,Liczby,Liczebniki,Noun,,,,,,
2585,skate_park,skatepark,Wypoczynek i zabawa,Plac zabaw,Noun,,,,,,
2586,skateboard,deskorolka,Transport,Drogowy,Noun,,,,,,
2587,skeleton,szkielet,Zdrowie i higiena,Części ciała,Noun,,,,,,
2588,"ski_,_to",jeździć na nartach,Sport,Dyscypliny i czynności sportowe,Verb,,"gra, sport i wypoczynek",ndk,,,
2589,skin,skóra,Zdrowie i higiena,Części ciała,Noun,,,,,,
2590,skirt,spódnica,Ubrania,Odzież ogólna,Noun,,,,,,
2591,skis,narty,Sport,Sprzęt i akcesoria,Noun,,,,,,
2592,skull,czaszka,Zdrowie i higiena,Części ciała,Noun,,,,,,
2593,skunk,skunks,Zwierzęta,Ssaki,Noun,,,,,,
2594,sledge,sanki,Transport,Drogowy,Noun,,,,,,
2595,sleep_suit_baby,śpioszki,Ubrania,Odzież ogólna,Noun,,,,,,
2596,sleigh,sanie,Transport,Drogowy,Noun,,,,,,
2597,slice,plasterek,Określenia,Kształt,Noun,,,,,V,
2598,slide,zjeżdżalnia,Wypoczynek i zabawa,Plac zabaw,Noun,,,,,,
2599,sling,temblak,Zdrowie i higiena,Przedmioty i sprzęt medyczny,Noun,,,,,,
2600,slippers,kapcie,Ubrania,Odzież ogólna,Noun,,,,,,
2601,slippery,śliski,Ludzie,Cechy i opis osób,Noun,,,,,,
2602,slug,ślimak nagi,Zwierzęta,Skorupiaki i mięczaki,Noun,,,,,V,
2603,"smoke_,_to",palić,Zdrowie i higiena,Dolegliwości i stany zdrowia,Verb,,postawa i czynności ciała,ndk,,,
2604,smooth,gładki,Nauka,Ogólne,Noun,,,,,,
2605,snail,ślimak,Zwierzęta,Skorupiaki i mięczaki,Noun,,,,,,
2606,snake,wąż,Zwierzęta,Gady i płazy,Noun,,,,,,
2607,sneering_lady,szydercza (kobieta),Ludzie,Uczucia i emocje,Noun,,,,płeć postaci: kobieta,,
2608,sneering_man,szyderczy (mężczyzna),Ludzie,Uczucia i emocje,Noun,,,,płeć postaci: mężczyzna,,
2609,sneeze_cold,kichanie (przeziębienie),Zdrowie i higiena,Dolegliwości i stany zdrowia,Noun,,,,,,
2610,snow,śnieg,Środowisko,Pogoda,Noun,,,,,,
2611,soap,mydło,Zdrowie i higiena,Przedmioty do higieny i pielęgnacji,Noun,,,,,,
2612,socks,skarpetki,Ubrania,Odzież ogólna,Noun,,,,,,
2613,soft,miękki,Określenia,Stan,Noun,,,,,,
2614,soldier_1a,żołnierz,Ludzie,Zawody,Noun,1a,,,"_1x = postać męska, _2x = żeńska; a/b = odcień skóry",,
2615,soldier_1b,żołnierz,Ludzie,Zawody,Noun,1b,,,"_1x = postać męska, _2x = żeńska; a/b = odcień skóry",,
2616,soldier_2a,żołnierka,Ludzie,Zawody,Noun,2a,,,"_1x = postać męska, _2x = żeńska; a/b = odcień skóry",,
2617,soldier_2b,żołnierka,Ludzie,Zawody,Noun,2b,,,"_1x = postać męska, _2x = żeńska; a/b = odcień skóry",,
2618,sole,podeszwa stopy,Zdrowie i higiena,Części ciała,Noun,,,,,,
2619,some,trochę,Określenia,Ilość i miara,Noun,,,,,,
2620,son,syn,Ludzie,Pokrewieństwo i relacje,Noun,,,,,,
2621,soup,zupa,Jedzenie,Posiłki i przekąski,Noun,,,,,,
2622,soup_carrot,zupa marchewkowa,Jedzenie,Posiłki i przekąski,Noun,,,,,,
2623,soup_chicken,zupa z kurczaka,Jedzenie,Posiłki i przekąski,Noun,,,,,,
2624,soup_mushroom,zupa grzybowa,Jedzenie,Posiłki i przekąski,Noun,,,,,,
2625,soup_onion,zupa cebulowa,Jedzenie,Posiłki i przekąski,Noun,,,,,,
2626,soup_pea,zupa grochowa,Jedzenie,Posiłki i przekąski,Noun,,,,,,
2627,soup_tomato,zupa pomidorowa,Jedzenie,Posiłki i przekąski,Noun,,,,,,
2628,soup_vegetable,zupa jarzynowa,Jedzenie,Posiłki i przekąski,Noun,,,,,,
2629,sour,kwaśny,Jedzenie,Spożywanie posiłków i karmienie,Noun,,,,,,
2630,sour_cream,kwaśna śmietana,Jedzenie,Nabiał,Noun,,,,,,
2631,south,południe,Określenia,Kierunek,Noun,,,,,,
2632,south_east,południowy wschód,Określenia,Kierunek,Noun,,,,,,
2633,south_west,południowy zachód,Określenia,Kierunek,Noun,,,,,,
2634,space_bar,spacja,Komputer,Interfejs i polecenia,Noun,,,,,,
2635,spaceship,statek kosmiczny,Transport,Kosmiczny,Noun,,,,,,
2636,spade,łopatka,Wypoczynek i zabawa,Zabawki,Noun,,,,,,
2637,spaghetti,spaghetti,Jedzenie,Makarony i ryż,Noun,,,,,,
2638,spaghetti_bolognaise,spaghetti bolognese,Jedzenie,Posiłki i przekąski,Noun,,,,,,
2639,sparkler,zimny ogień,Uroczystości,Przedmioty i dekoracje,Noun,,,,,,
2640,spatula,łopatka kuchenna,Jedzenie,Przybory i sprzęt kuchenny,Noun,,,,,,
2641,spatula_2,łopatka kuchenna,Jedzenie,Przybory i sprzęt kuchenny,Noun,2,,,,,
2642,speech_language_therapist_1a,logopeda,Ludzie,Zawody,Noun,1a,,,"_1x = postać męska, _2x = żeńska; a/b = odcień skóry",,
2643,speech_language_therapist_1b,logopeda,Ludzie,Zawody,Noun,1b,,,"_1x = postać męska, _2x = żeńska; a/b = odcień skóry",,
2644,speech_language_therapist_2a,logopedka,Ludzie,Zawody,Noun,2a,,,"_1x = postać męska, _2x = żeńska; a/b = odcień skóry",,
2645,speech_language_therapist_2b,logopedka,Ludzie,Zawody,Noun,2b,,,"_1x = postać męska, _2x = żeńska; a/b = odcień skóry",,
2646,spicy,ostry,Jedzenie,Spożywanie posiłków i karmienie,Noun,,,,,,
2647,spider,pająk,Zwierzęta,Pająki i owady,Noun,,,,,,
2648,spiders_web,pajęczyna,Zwierzęta,Siedliska i schronienia,Noun,,,,,,
2649,spinach,szpinak,Jedzenie,Warzywa i sałatki,Noun,,,,,,
2650,spine,kręgosłup,Zdrowie i higiena,Części ciała,Noun,,,,,,
2651,sponge,gąbka,Zdrowie i higiena,Przedmioty do higieny i pielęgnacji,Noun,,,,,,
2652,spoon,łyżka,Jedzenie,Przybory i sprzęt kuchenny,Noun,,,,,,
2653,spoon_adapted,łyżka adaptowana,Jedzenie,Spożywanie posiłków i karmienie,Noun,,,,,,
2654,spot_light,oprawa punktowa,Budynki i dom,Przedmioty i wyposażenie domu,Noun,,,,,V,
2655,spotty,w kropki,Określenia,Stan,Noun,,,,,,
2656,spotty_2,z krostkami,Ludzie,Cechy i opis osób,Noun,2,,,,V,
2657,"spread_,_to",smarować,Jedzenie,Czynności kuchenne,Verb,,gotowanie i obróbka żywności,ndk,,,
2658,spring,wiosna,Określenia,Czas,Noun,,,,,,
2659,spring_onions,dymka,Jedzenie,Warzywa i sałatki,Noun,,,,,,
2660,"sprinkle_,_to",posypywać,Jedzenie,Czynności kuchenne,Verb,,gotowanie i obróbka żywności,ndk,,,
2661,square,kwadrat,Określenia,Kształt,Noun,,,,,,
2662,square_setsquare,kątownik,Narzędzia,Warsztatowe,Noun,,,,,,
2663,squash,syrop do rozcieńczania (squash),Napoje,Rodzaje napojów,Noun,,,,brytyjski squash,K,
2664,"squash_,_to",zgniatać,Jedzenie,Czynności kuchenne,Verb,,gotowanie i obróbka żywności,ndk,,,
2665,"squeak_,_to",piszczeć,Zwierzęta,Cechy i części ciała zwierząt,Verb,,postawa i czynności ciała,ndk,,,
2666,squirrel_1a,wiewiórka,Zwierzęta,Ssaki,Noun,1a,,,,,
2667,squirrel_1b,wiewiórka,Zwierzęta,Ssaki,Noun,1b,,,,V,
2668,stable,stajnia,Zwierzęta,Siedliska i schronienia,Noun,,,,,,
2669,stable_1,stajnia,Zwierzęta,Siedliska i schronienia,Noun,1,,,,,
2670,stable_2,stajnia,Zwierzęta,Siedliska i schronienia,Noun,2,,,,,
2671,stag,jeleń byk,Zwierzęta,Ssaki,Noun,,,,,V,
2672,stairs,schody,Budynki i dom,Konstrukcja i elementy budynku,Noun,,,,,,
2673,standard_lamp,lampa stojąca,Budynki i dom,Meble,Noun,,,,,,
2674,"staple_,_to",zszywać zszywaczem,Praca i szkoła,Przybory szkolne i biurowe,Verb,,praca,ndk,,,
2675,stapler,zszywacz,Praca i szkoła,Przybory szkolne i biurowe,Noun,,,,,,
2676,star,gwiazda,Nauka,Astronomia,Noun,,,,,,
2677,star_2,gwiazda,Nauka,Astronomia,Noun,2,,,,,
2678,star_stacker,piramidka z gwiazdek,Wypoczynek i zabawa,Zabawki,Noun,,,,,V,
2679,starfish,rozgwiazda,Zwierzęta,Inne bezkręgowce,Noun,,,,,,
2680,steak,stek,Jedzenie,Mięso,Noun,,,,,,
2681,steam_train,pociąg parowy,Transport,Kolejowy,Noun,,,,,,
2682,steamer,parowar,Jedzenie,Przybory i sprzęt kuchenny,Noun,,,,,,
2683,step_brother,brat przyrodni (dziecko partnera rodzica),Ludzie,Pokrewieństwo i relacje,Noun,,,,w polszczyźnie „przyrodni” bywa też o rodzeństwie przyrodnim po jednym rodzicu,,
2684,step_by_step,komunikator Step-by-Step,Komunikacja,Sprzęt i pomoce AAC,Noun,,,,nazwa handlowa urządzenia,B,
2685,step_dad_parent,ojczym,Ludzie,Pokrewieństwo i relacje,Noun,,,,,,
2686,step_daughter_1,pasierbica,Ludzie,Pokrewieństwo i relacje,Noun,1,,,,,
2687,step_daughter_2,pasierbica,Ludzie,Pokrewieństwo i relacje,Noun,2,,,,,
2688,step_mum_parent,macocha,Ludzie,Pokrewieństwo i relacje,Noun,,,,słowo ma negatywne konotacje; rozważyć „żona taty”,,
2689,step_sister,siostra przyrodnia (córka partnera rodzica),Ludzie,Pokrewieństwo i relacje,Noun,,,,,,
2690,step_son_1,pasierb,Ludzie,Pokrewieństwo i relacje,Noun,1,,,,,
2691,step_son_2,pasierb,Ludzie,Pokrewieństwo i relacje,Noun,2,,,,,
2692,stereo,wieża stereo,Urządzenia elektryczne,Media i fotografia,Noun,,,,,,
2693,stethoscope,stetoskop,Zdrowie i higiena,Przedmioty i sprzęt medyczny,Noun,,,,,,
2694,stick,patyk,Rośliny i drzewa,,Noun,,,,,,
2695,stickers,naklejki,Wypoczynek i zabawa,Zabawki,Noun,,,,,,
2696,sticky,lepki,Określenia,Stan,Noun,,,,,,
2697,sting_bee,użądlenie pszczoły,Zdrowie i higiena,Dolegliwości i stany zdrowia,Noun,,,,,,
2698,stir_fry,smażenie w woku (potrawa),Jedzenie,Czynności kuchenne,Noun,,,,,V,
2699,"stir_fry_,_to",smażyć w woku,Jedzenie,Czynności kuchenne,VerbComplex,,gotowanie i obróbka żywności,ndk,,,
2700,"stir_mix_,_to",mieszać,Jedzenie,Czynności kuchenne,VerbComplex,,gotowanie i obróbka żywności,ndk,,,
2701,stirrups,strzemiona,Sport,Sprzęt i akcesoria,Noun,,,,,,
2702,stoat,gronostaj,Zwierzęta,Ssaki,Noun,,,,,,
2703,stock,bulion,Jedzenie,Składniki,Noun,,,,,,
2704,stock_cubes,kostki bulionowe,Jedzenie,Składniki,Noun,,,,,,
2705,stomach,żołądek,Zdrowie i higiena,Części ciała,Noun,,,,,,
2706,stomach_1,brzuch,Zdrowie i higiena,Części ciała,Noun,1,,,,V,
2707,stomach_ache,ból brzucha,Zdrowie i higiena,Dolegliwości i stany zdrowia,Noun,,,,,,
2708,stone,kamień,Rośliny i drzewa,,Noun,,,,,,
2709,stool,taboret,Budynki i dom,Meble,Noun,,,,,,
2710,straight,prosty,Określenia,Kształt,Noun,,,,,,
2711,"strain_,_to",odcedzać,Jedzenie,Czynności kuchenne,Verb,,gotowanie i obróbka żywności,ndk,,,
2712,straw,słomka,Jedzenie,Przybory i sprzęt kuchenny,Noun,,,,,,
2713,strawberry,truskawka,Jedzenie,Owoce,Noun,,,,,,
2714,strawberry_jam,dżem truskawkowy,Jedzenie,Słodycze i desery,Noun,,,,,,
2715,string,sznurek,Budynki i dom,Przedmioty i wyposażenie domu,Noun,,,,,,
2716,striped,w paski,Określenia,Stan,Noun,,,,,,
2717,"stroke_,_to",głaskać,Zwierzęta,Pielęgnacja zwierząt,Verb,,relacje społeczne i opieka,ndk,,,
2718,strong,silny,Ludzie,Cechy i opis osób,Noun,,,,,,
2719,stubble,zarost,Ludzie,Cechy i opis osób,Noun,,,,,,
2720,stuffing,farsz do pieczonego drobiu,Jedzenie,Pieczywo i wypieki,Noun,,,,brytyjski dodatek do pieczonego mięsa,K,
2721,subsoil,podglebie,Nauka,Ekologia,Noun,,,,,,
2722,subtract,odejmowanie,Liczby,Działania i matematyka,Noun,,,,,,
2723,sugar_bowl,cukiernica,Jedzenie,Przybory i sprzęt kuchenny,Noun,,,,,,
2724,sugar_brown,cukier brązowy,Jedzenie,Składniki,Noun,,,,,,
2725,sugar_white,cukier biały,Jedzenie,Składniki,Noun,,,,,,
2726,suit_-_ladys,kostium damski,Ubrania,Odzież ogólna,Noun,,,,,,
2727,suit_-_mans,garnitur,Ubrania,Odzież ogólna,Noun,,,,,,
2728,suitcase_1,walizka,Wakacje i podróże,,Noun,1,,,,,
2729,suitcase_2,walizka,Wakacje i podróże,,Noun,2,,,,,
2730,sum,suma,Liczby,Działania i matematyka,Noun,,,,,,
2731,summer,lato,Określenia,Czas,Noun,,,,,,
2732,sun,słońce,Określenia,Czas,Noun,,,,,,
2733,sun_lounger,leżak,Wakacje i podróże,,Noun,,,,,,
2734,sunglasses,okulary przeciwsłoneczne,Ubrania,Akcesoria,Noun,,,,,,
2735,sunscreen,krem przeciwsłoneczny,Zdrowie i higiena,Przedmioty do higieny i pielęgnacji,Noun,,,,,,
2736,surgery_health_centre,przychodnia,Budynki i dom,Budynki i miejsca publiczne,Noun,,,,brytyjska surgery: gabinet lekarza rodzinnego,K,
2737,surprised_lady,zaskoczona (kobieta),Ludzie,Uczucia i emocje,Noun,,,,płeć postaci: kobieta,,
2738,surprised_man,zaskoczony (mężczyzna),Ludzie,Uczucia i emocje,Noun,,,,płeć postaci: mężczyzna,,
2739,swan,łabędź,Zwierzęta,Ptaki,Noun,,,,,,
2740,sweatshirt,bluza,Ubrania,Odzież ogólna,Noun,,,,,,
2741,swede,brukiew,Jedzenie,Warzywa i sałatki,Noun,,,,,,
2742,sweet,cukierek,Jedzenie,Słodycze i desery,Noun,,,,,,
2743,sweet_2,słodki,Jedzenie,Spożywanie posiłków i karmienie,Noun,2,,,,,
2744,sweet_potato,batat,Jedzenie,Warzywa i sałatki,Noun,,,,,,
2745,sweetcorn,kukurydza,Jedzenie,Warzywa i sałatki,Noun,,,,,,
2746,"swim_,_to",pływać,Sport,Dyscypliny i czynności sportowe,Verb,,ruch,ndk,,,
2747,swimming_cap,czepek pływacki,Ubrania,Odzież sportowa,Noun,,,,,,
2748,swimming_class,lekcja pływania,Praca i szkoła,Plan zajęć,Noun,,,,,,
2749,swimming_costume,strój kąpielowy,Ubrania,Odzież sportowa,Noun,,,,,,
2750,swimming_trunks,kąpielówki,Ubrania,Odzież sportowa,Noun,,,,,,
2751,swing,huśtawka,Wypoczynek i zabawa,Plac zabaw,Noun,,,,,,
2752,"swing_,_to",huśtać się,Wypoczynek i zabawa,Plac zabaw,Verb,,"gra, sport i wypoczynek",ndk,,,
2753,swiss_roll,rolada biszkoptowa,Jedzenie,Słodycze i desery,Noun,,,,,,
2754,switch_access,obsługa przełącznikiem,Komputer,Sprzęt i obsługa,Noun,,,,,,
2755,switch_low_profile_1,przełącznik niskoprofilowy,Komunikacja,Sprzęt i pomoce AAC,Noun,1,,,,,
2756,switch_low_profile_2,przełącznik niskoprofilowy,Komunikacja,Sprzęt i pomoce AAC,Noun,2,,,,,
2757,switch_low_profile_3,przełącznik niskoprofilowy,Komunikacja,Sprzęt i pomoce AAC,Noun,3,,,,,
2758,switch_mount,uchwyt do przełącznika,Komunikacja,Sprzęt i pomoce AAC,Noun,,,,,,
2759,"switch_on_television_,_to",włączać telewizor,Urządzenia elektryczne,Telewizja,Verb,,obsługa urządzeń,ndk,,,
2760,syringe,strzykawka,Zdrowie i higiena,Przedmioty i sprzęt medyczny,Noun,,,,,,
2761,T,T (wielka litera),Alfabet,,Noun,,,,,,
2762,t_-_lower_case,t (mała litera),Alfabet,,Noun,,,,,,
2763,table,stół,Budynki i dom,Meble,Noun,,,,,,
2764,table_2,stół,Budynki i dom,Meble,Noun,2,,,,,
2765,table_cloth,obrus,Jedzenie,Przybory i sprzęt kuchenny,Noun,,,,,,
2766,tablecloth,obrus,Jedzenie,Spożywanie posiłków i karmienie,Noun,,,,,,
2767,tablet_blister_pack,tabletki w blistrze,Zdrowie i higiena,Przedmioty i sprzęt medyczny,Noun,,,,,,
2768,tablets,tabletki,Zdrowie i higiena,Przedmioty i sprzęt medyczny,Noun,,,,,,
2769,"take_a_work_break_,_to",robić przerwę w pracy,Ludzie,Czynności,VerbComplex,,praca,ndk,,,
2770,"take_off_cap_,_to",zdejmować czapkę,Zdrowie i higiena,Czynności higieniczne,VerbComplex,,higiena i ubieranie się,ndk,,,
2771,takeaway_burger,burger na wynos,Jedzenie,Posiłki i przekąski,Noun,,,,,,
2772,takeaway_burger_and_chips,burger z frytkami na wynos,Jedzenie,Posiłki i przekąski,Noun,,,,,,
2773,takeaway_chinese,chińskie jedzenie na wynos,Jedzenie,Posiłki i przekąski,Noun,,,,,,
2774,takeaway_container,pojemnik na jedzenie na wynos,Jedzenie,Posiłki i przekąski,Noun,,,,,,
2775,takeaway_indian,indyjskie jedzenie na wynos,Jedzenie,Posiłki i przekąski,Noun,,,,,,
2776,takeaway_pizza,pizza na wynos,Jedzenie,Posiłki i przekąski,Noun,,,,,,
2777,tall,wysoki,Ludzie,Cechy i opis osób,Noun,,,,,,
2778,tampon,tampon,Zdrowie i higiena,Przedmioty do higieny i pielęgnacji,Noun,,,,,,
2779,tap,kran,Zdrowie i higiena,Przedmioty do higieny i pielęgnacji,Noun,,,,,,
2780,tape_measure,miara zwijana,Narzędzia,Warsztatowe,Noun,,,,,,
2781,tape_recorder,magnetofon,Urządzenia elektryczne,Ogólne,Noun,,,,,,
2782,tart,tarta,Jedzenie,Słodycze i desery,Noun,,,,,,
2783,tartan,krata szkocka,Ubrania,Odzież ogólna,Noun,,,,,K,
2784,"taste_,_to",próbować jedzenia,Jedzenie,Spożywanie posiłków i karmienie,Verb,,jedzenie i picie,ndk,,,
2785,tattoo,tatuaż,Ludzie,Cechy i opis osób,Noun,,,,,,
2786,taxi,taksówka,Transport,Drogowy,Noun,,,,,,
2787,taxi_driver_1a,taksówkarz,Ludzie,Zawody,Noun,1a,,,"_1x = postać męska, _2x = żeńska; a/b = odcień skóry",,
2788,taxi_driver_1b,taksówkarz,Ludzie,Zawody,Noun,1b,,,"_1x = postać męska, _2x = żeńska; a/b = odcień skóry",,
2789,taxi_driver_1c,taksówkarz,Ludzie,Zawody,Noun,1c,,,"warianty c/d: znaczenie do sprawdzenia na obrazie (_1x męska, _2x żeńska)",V,
2790,taxi_driver_1d,taksówkarz,Ludzie,Zawody,Noun,1d,,,"warianty c/d: znaczenie do sprawdzenia na obrazie (_1x męska, _2x żeńska)",V,
2791,taxi_driver_2a,taksówkarka,Ludzie,Zawody,Noun,2a,,,"_1x = postać męska, _2x = żeńska; a/b = odcień skóry",,
2792,taxi_driver_2b,taksówkarka,Ludzie,Zawody,Noun,2b,,,"_1x = postać męska, _2x = żeńska; a/b = odcień skóry",,
2793,taxi_driver_2c,taksówkarka,Ludzie,Zawody,Noun,2c,,,"warianty c/d: znaczenie do sprawdzenia na obrazie (_1x męska, _2x żeńska)",V,
2794,taxi_driver_2d,taksówkarka,Ludzie,Zawody,Noun,2d,,,"warianty c/d: znaczenie do sprawdzenia na obrazie (_1x męska, _2x żeńska)",V,
2795,tea,herbata,Napoje,Rodzaje napojów,Noun,,,,,,
2796,tea_bag,herbata w torebce,Napoje,Rodzaje napojów,Noun,,,,,,
2797,tea_instant,herbata rozpuszczalna,Napoje,Rodzaje napojów,Noun,,,,,,
2798,tea_spoon,łyżeczka,Jedzenie,Przybory i sprzęt kuchenny,Noun,,,,,,
2799,tea_time,pora podwieczorku,Określenia,Czas,Noun,,,,"brytyjskie tea time (herbata, często posiłek wieczorny)",K,
2800,tea_towel,ściereczka kuchenna,Jedzenie,Przybory i sprzęt kuchenny,Noun,,,,,,
2801,teacher_1a,nauczyciel,Ludzie,Zawody,Noun,1a,,,"_1x = postać męska, _2x = żeńska; a/b = odcień skóry",,
2802,teacher_1b,nauczyciel,Ludzie,Zawody,Noun,1b,,,"_1x = postać męska, _2x = żeńska; a/b = odcień skóry",,
2803,teacher_2a,nauczycielka,Ludzie,Zawody,Noun,2a,,,"_1x = postać męska, _2x = żeńska; a/b = odcień skóry",,
2804,teacher_2b,nauczycielka,Ludzie,Zawody,Noun,2b,,,"_1x = postać męska, _2x = żeńska; a/b = odcień skóry",,
2805,teapot,dzbanek do herbaty,Jedzenie,Przybory i sprzęt kuchenny,Noun,,,,,,
2806,technology,technologia,Urządzenia elektryczne,Ogólne,Noun,,,,,,
2807,teddy_bear,miś pluszowy,Wypoczynek i zabawa,Zabawki,Noun,,,,,,
2808,teeth,zęby,Zdrowie i higiena,Części ciała,Noun,,,,,,
2809,teeth_2,zęby,Zdrowie i higiena,Części ciała,Noun,2,,,,,
2810,telephone_handset,słuchawka telefoniczna,Urządzenia elektryczne,Telefon,Noun,,,,,,
2811,telephone_toy,telefon (zabawka),Wypoczynek i zabawa,Zabawki,Noun,,,,,,
2812,temple,skroń,Zdrowie i higiena,Części ciała,Noun,,,,,,
2813,ten,dziesięć,Liczby,Liczebniki,Noun,,,,,,
2814,tennis,tenis,Sport,Dyscypliny i czynności sportowe,Noun,,,,,,
2815,terracotta,terakota,Plastyka,Kolory,Noun,,,,,,
2816,test,test,Praca i szkoła,Edukacja,Noun,,,,,,
2817,test_tube,probówka,Nauka,Ogólne,Noun,,,,,,
2818,"text_mobile_message_,_to",pisać SMS,Urządzenia elektryczne,Telefon,VerbComplex,,komunikacja,ndk,,,
2819,text_phone,tekstofon,Urządzenia elektryczne,Telefon,Noun,,,,,,
2820,theme_park,park rozrywki,Wakacje i podróże,,Noun,,,,,,
2821,thermometer,termometr,Zdrowie i higiena,Przedmioty i sprzęt medyczny,Noun,,,,,,
2822,thermometer_2,termometr,Nauka,Ogólne,Noun,2,,,,,
2823,thick,gruby,Określenia,Ilość i miara,Noun,,,,,,
2824,thigh,udo,Zdrowie i higiena,Części ciała,Noun,,,,,,
2825,thin,chudy,Ludzie,Cechy i opis osób,Noun,,,,,,
2826,thin_2,cienki,Określenia,Ilość i miara,Noun,2,,,,,
2827,thirsty,spragniony,Jedzenie,Spożywanie posiłków i karmienie,Noun,,,,,,
2828,thirteen,trzynaście,Liczby,Liczebniki,Noun,,,,,,
2829,thirty,trzydzieści,Liczby,Liczebniki,Noun,,,,,,
2830,this_month,ten miesiąc,Określenia,Czas,Noun,,,,,,
2831,this_week,ten tydzień,Określenia,Czas,Noun,,,,,,
2832,thousand,tysiąc,Liczby,Liczebniki,Noun,,,,,,
2833,three,trzy,Liczby,Liczebniki,Noun,,,,,,
2834,three_dots,trzy (kropki),Liczby,Liczebniki,Noun,,,,,,
2835,three_quarters,trzy czwarte,Określenia,Ilość i miara,Noun,,,,,,
2836,three_wise_kings,Trzej Królowie (Mędrcy),Religia,Postacie,Noun,,,,,,
2837,throat,gardło,Zdrowie i higiena,Części ciała,Noun,,,,,,
2838,through,przez,Określenia,Kierunek,Noun,,,,,,
2839,thumb,kciuk,Zdrowie i higiena,Części ciała,Noun,,,,,,
2840,thumbs,kciuki,Zdrowie i higiena,Części ciała,Noun,,,,,,
2841,thunder_storm,burza,Środowisko,Pogoda,Noun,,,,,,
2842,"tidy_up_,_to",sprzątać,Budynki i dom,Prace domowe,VerbComplex,,prace domowe i ogrodowe,ndk,,,
2843,tie,krawat,Ubrania,Odzież ogólna,Noun,,,,,,
2844,"tie_2_,_to",wiązać,Zdrowie i higiena,Czynności higieniczne,Verb,,higiena i ubieranie się,ndk,"wariant obrazu; sprawdzić, co jest wiązane",V,
2845,tiger,tygrys,Zwierzęta,Ssaki,Noun,,,,,,
2846,tights,rajstopy,Ubrania,Odzież ogólna,Noun,,,,,,
2847,time_out,przerwa na uspokojenie (time-out),Praca i szkoła,Plan zajęć,Noun,,,,,,
2848,timer_2,minutnik,Jedzenie,Przybory i sprzęt kuchenny,Noun,2,,,,,
2849,tin,puszka,Jedzenie,Przybory i sprzęt kuchenny,Noun,,,,,V,
2850,tin_can,puszka,Jedzenie,Posiłki i przekąski,Noun,,,,,,
2851,tin_foil,folia aluminiowa,Jedzenie,Przybory i sprzęt kuchenny,Noun,,,,,,
2852,tinned_apricots,morele z puszki,Jedzenie,Owoce,Noun,,,,,,
2853,tinned_cherries,wiśnie z puszki,Jedzenie,Owoce,Noun,,,,,,
2854,tinned_mushroom_soup,zupa grzybowa z puszki,Jedzenie,Posiłki i przekąski,Noun,,,,,,
2855,tinned_peaches,brzoskwinie z puszki,Jedzenie,Owoce,Noun,,,,,,
2856,tinned_pears,gruszki z puszki,Jedzenie,Owoce,Noun,,,,,,
2857,tinned_peas,groszek z puszki,Jedzenie,Owoce,Noun,,,,,,
2858,tinned_pineapple,ananas z puszki,Jedzenie,Owoce,Noun,,,,,,
2859,tinned_plums,śliwki z puszki,Jedzenie,Owoce,Noun,,,,,,
2860,tinned_sweetcorn,kukurydza z puszki,Jedzenie,Warzywa i sałatki,Noun,,,,,,
2861,tinned_tomato,pomidory z puszki,Jedzenie,Warzywa i sałatki,Noun,,,,,,
2862,tinsel,świecidełka,Uroczystości,Przedmioty i dekoracje,Noun,,,,,,
2863,tippex,korektor w płynie,Praca i szkoła,Przybory szkolne i biurowe,Noun,,,,,K,
2864,tissues,chusteczki higieniczne,Zdrowie i higiena,Przedmioty do higieny i pielęgnacji,Noun,,,,,,
2865,toad,ropucha,Zwierzęta,Gady i płazy,Noun,,,,,,
2866,toast,tost,Jedzenie,Przybory i sprzęt kuchenny,Noun,,,,,,
2867,toaster,toster,Jedzenie,Przybory i sprzęt kuchenny,Noun,,,,,,
2868,today,dziś,Określenia,Czas,Noun,,,,,,
2869,toe_nail,paznokieć u nogi,Zdrowie i higiena,Części ciała,Noun,,,,,,
2870,toilet,toaleta (sedes),Zdrowie i higiena,Przedmioty do higieny i pielęgnacji,Noun,,,,,,
2871,"toilet_,_go_to_the",pójście do toalety,Zdrowie i higiena,Przedmioty do higieny i pielęgnacji,Noun,,,,,V,
2872,toilet_roll,papier toaletowy,Zdrowie i higiena,Przedmioty do higieny i pielęgnacji,Noun,,,,,,
2873,toilets,toalety,Komunikacja,Znaki i oznaczenia,Noun,,,,,,
2874,tomato,pomidor,Jedzenie,Warzywa i sałatki,Noun,,,,,,
2875,tomato_juice,sok pomidorowy,Napoje,Rodzaje napojów,Noun,,,,,,
2876,tomato_slice,plasterek pomidora,Jedzenie,Warzywa i sałatki,Noun,,,,,,
2877,tomb_1,grób,Budynki i dom,Budynki i miejsca publiczne,Noun,1,,,,,
2878,tomb_2,grób,Budynki i dom,Budynki i miejsca publiczne,Noun,2,,,,,
2879,tomorrow,jutro,Określenia,Czas,Noun,,,,,,
2880,tongs,szczypce,Jedzenie,Przybory i sprzęt kuchenny,Noun,,,,,,
2881,tongue,język,Zdrowie i higiena,Części ciała,Noun,,,,,,
2882,tooth,ząb,Zdrowie i higiena,Części ciała,Noun,,,,,,
2883,toothache,ból zęba,Zdrowie i higiena,Dolegliwości i stany zdrowia,Noun,,,,,,
2884,toothbrush,szczoteczka do zębów,Zdrowie i higiena,Przedmioty do higieny i pielęgnacji,Noun,,,,,,
2885,toothbrush_electric,szczoteczka elektryczna,Zdrowie i higiena,Przedmioty do higieny i pielęgnacji,Noun,,,,,,
2886,toothpaste,pasta do zębów,Zdrowie i higiena,Przedmioty do higieny i pielęgnacji,Noun,,,,,,
2887,top,góra,Określenia,Położenie,Noun,,,,,,
2888,top_2,góra,Określenia,Położenie,Noun,2,,,,V,
2889,topsoil,wierzchnia warstwa gleby,Nauka,Ekologia,Noun,,,,,,
2890,torch,latarka,Urządzenia elektryczne,Ogólne,Noun,,,,,,
2891,torch_2,pochodnia,Sport,Sprzęt i akcesoria,Noun,2,,,,,
2892,torch_3,pochodnia,Sport,Sprzęt i akcesoria,Noun,3,,,,,
2893,tortoise,żółw lądowy,Zwierzęta,Gady i płazy,Noun,,,,,,
2894,"toss_pancake_,_to",podrzucać naleśnik,Jedzenie,Pieczywo i wypieki,VerbComplex,,gotowanie i obróbka żywności,ndk,,,
2895,touch_screen,ekran dotykowy,Komputer,Sprzęt i obsługa,Noun,,,,,,
2896,toupee,tupet,Zdrowie i higiena,Przedmioty do higieny i pielęgnacji,Noun,,,,,,
2897,towel,ręcznik,Zdrowie i higiena,Przedmioty do higieny i pielęgnacji,Noun,,,,,,
2898,toy_box,skrzynia na zabawki,Wypoczynek i zabawa,Zabawki,Noun,,,,,,
2899,toy_car,samochodzik,Wypoczynek i zabawa,Zabawki,Noun,,,,,,
2900,toy_soldier,żołnierzyk,Wypoczynek i zabawa,Zabawki,Noun,,,,,,
2901,toys,zabawki,Wypoczynek i zabawa,Zabawki,Noun,,,,,,
2902,trachea,tchawica,Zdrowie i higiena,Części ciała,Noun,,,,,,
2903,tracksuit,dres,Ubrania,Odzież sportowa,Noun,,,,,,
2904,tractor,traktor,Transport,Drogowy,Noun,,,,,,
2905,traffic_lights,sygnalizacja świetlna,Transport,Drogowy,Noun,,,,,,
2906,train,pociąg,Transport,Kolejowy,Noun,,,,,,
2907,trainers,buty sportowe,Ubrania,Odzież ogólna,Noun,,,,,,
2908,trampoline,trampolina,Sport,Sprzęt i akcesoria,Noun,,,,,,
2909,"trampoline_,_to",skakać na trampolinie,Sport,Dyscypliny i czynności sportowe,Verb,,"gra, sport i wypoczynek",ndk,,,
2910,transparent,przezroczysty,Nauka,Ogólne,Noun,,,,,,
2911,trap,pułapka,Zwierzęta,Inne czynności,Noun,,,,,,
2912,trapezium,trapez,Określenia,Kształt,Noun,,,,,,
2913,travel,podróż,Wakacje i podróże,,Noun,,,,,,
2914,tray,taca,Jedzenie,Przybory i sprzęt kuchenny,Noun,,,,,,
2915,tree,drzewo,Rośliny i drzewa,,Noun,,,,,,
2916,tree_ornament_chocolate,czekoladowa ozdoba choinkowa,Uroczystości,Przedmioty i dekoracje,Noun,,,,,,
2917,tree_trunk,pień,Rośliny i drzewa,,Noun,,,,,,
2918,triangle_acute,trójkąt ostrokątny,Określenia,Kształt,Noun,,,,,,
2919,triangle_equilateral,trójkąt równoboczny,Określenia,Kształt,Noun,,,,,,
2920,triangle_isosceles,trójkąt równoramienny,Określenia,Kształt,Noun,,,,,,
2921,triangle_obtuse,trójkąt rozwartokątny,Określenia,Kształt,Noun,,,,,,
2922,triangle_right-angled,trójkąt prostokątny,Określenia,Kształt,Noun,,,,,,
2923,triangle_scalene,trójkąt różnoboczny,Określenia,Kształt,Noun,,,,,,
2924,trick_or_treat,cukierek albo psikus,Uroczystości,Wydarzenia,Noun,,,,,K,
2925,tripod,statyw,Nauka,Ogólne,Noun,,,,,,
2926,trousers,spodnie,Ubrania,Odzież ogólna,Noun,,,,,,
2927,trowel,łopatka ogrodowa,Narzędzia,Ogrodnicze,Noun,,,,,,
2928,t-shirt,koszulka,Ubrania,Odzież ogólna,Noun,,,,,,
2929,tulip,tulipan,Rośliny i drzewa,,Noun,,,,,,
2930,tuna,tuńczyk,Jedzenie,Ryby i owoce morza,Noun,,,,,,
2931,turkey,indyk,Zwierzęta,Ptaki,Noun,,,,,,
2932,turkey_2,indyk,Zwierzęta,Ptaki,Noun,2,,,,,
2933,"turn_down_heat_,_to",zmniejszać ogień,Jedzenie,Czynności kuchenne,VerbComplex,,gotowanie i obróbka żywności,ndk,,,
2934,"turn_off_light_switch_,_to",wyłączać światło,Urządzenia elektryczne,Ogólne,VerbComplex,,obsługa urządzeń,ndk,,,
2935,"turn_on_light_switch_,_to",włączać światło,Urządzenia elektryczne,Ogólne,VerbComplex,,obsługa urządzeń,ndk,,,
2936,"turn_up_heat_,_to",zwiększać ogień,Jedzenie,Czynności kuchenne,VerbComplex,,gotowanie i obróbka żywności,ndk,,,
2937,turnip,rzepa,Jedzenie,Warzywa i sałatki,Noun,,,,,,
2938,turtle,żółw wodny,Zwierzęta,Gady i płazy,Noun,,,,,,
2939,tv_drama,dramat telewizyjny,Urządzenia elektryczne,Telewizja,Noun,,,,,,
2940,twelve,dwanaście,Liczby,Liczebniki,Noun,,,,,,
2941,twenty,dwadzieścia,Liczby,Liczebniki,Noun,,,,,,
2942,twenty_five_percent,dwadzieścia pięć procent,Określenia,Ilość i miara,Noun,,,,,,
2943,two,dwa,Liczby,Liczebniki,Noun,,,,polskie liczebniki odmieniają się przez rodzaj (dwa/dwie),,
2944,two_dots,dwa (kropki),Liczby,Liczebniki,Noun,,,,,,
2945,two_thirds,dwie trzecie,Określenia,Ilość i miara,Noun,,,,,,
2946,U,U (wielka litera),Alfabet,,Noun,,,,,,
2947,u_-_lower_case,u (mała litera),Alfabet,,Noun,,,,,,
2948,ugly,brzydki,Ludzie,Cechy i opis osób,Noun,,,,,,
2949,umbrella,parasol,Ubrania,Akcesoria,Noun,,,,,,
2950,"unbuckle_,_to",odpinać sprzączkę,Zdrowie i higiena,Czynności higieniczne,Verb,,higiena i ubieranie się,ndk,,,
2951,"unbutton_,_to",rozpinać guziki,Zdrowie i higiena,Czynności higieniczne,Verb,,higiena i ubieranie się,ndk,,,
2952,uncle_maternal,wujek (brat matki),Ludzie,Pokrewieństwo i relacje,Noun,,,,,,
2953,uncle_paternal,stryjek (brat ojca),Ludzie,Pokrewieństwo i relacje,Noun,,,,polski rozróżnia: wuj/stryj,,
2954,under_1,pod,Określenia,Położenie,Noun,1,,,,,
2955,underarm,pacha,Zdrowie i higiena,Części ciała,Noun,,,,,,
2956,underarm_hair,włosy pod pachą,Zdrowie i higiena,Części ciała,Noun,,,,,,
2957,underground_sign,znak londyńskiego metra,Transport,Kolejowy,Noun,,,,logo Underground (London),K,
2958,underground_train,pociąg metra,Transport,Kolejowy,Noun,,,,,,
2959,"undress_,_to",rozbierać się,Zdrowie i higiena,Czynności higieniczne,Verb,,higiena i ubieranie się,ndk,,,
2960,"untie_,_to",rozwiązywać,Zdrowie i higiena,Czynności higieniczne,Verb,,higiena i ubieranie się,ndk,,,
2961,up,w górę,Określenia,Kierunek,Noun,,,,,,
2962,upper_arm,ramię (górna część ręki),Zdrowie i higiena,Części ciała,Noun,,,,,,
2963,Uranus,Uran,Nauka,Astronomia,Noun,,,,,,
2964,usb_stick,pendrive,Komputer,Sprzęt i obsługa,Noun,,,,,,
2965,"use_computer_,_to",używać komputera,Komputer,Sprzęt i obsługa,VerbComplex,,obsługa urządzeń,ndk,,,
2966,V,V (wielka litera),Alfabet,,Noun,,,,,,
2967,v_-_lower_case,v (mała litera),Alfabet,,Noun,,,,,,
2968,vacuum_cleaner_1,odkurzacz,Budynki i dom,Przedmioty i wyposażenie domu,Noun,1,,,,,
2969,vacuum_cleaner_2,odkurzacz,Budynki i dom,Przedmioty i wyposażenie domu,Noun,2,,,,,
2970,vacuum_cleaner_hand_held,odkurzacz ręczny,Budynki i dom,Przedmioty i wyposażenie domu,Noun,,,,,,
2971,vagina,pochwa,Zdrowie i higiena,Części ciała,Noun,,,,anatomia,R,
2972,van,furgonetka,Transport,Drogowy,Noun,,,,,,
2973,varnish,lakier,Narzędzia,Warsztatowe,Noun,,,,,,
2974,vase,wazon,Budynki i dom,Przedmioty i wyposażenie domu,Noun,,,,,,
2975,vegetables,warzywa,Jedzenie,Warzywa i sałatki,Noun,,,,,,
2976,Venus,Wenus,Nauka,Astronomia,Noun,,,,,,
2977,vertical_blinds,żaluzje pionowe,Budynki i dom,Przedmioty i wyposażenie domu,Noun,,,,,,
2978,vest,podkoszulek,Ubrania,Odzież ogólna,Noun,,,,,,
2979,vice,imadło,Narzędzia,Warsztatowe,Noun,,,,,,
2980,video_camera,kamera wideo,Urządzenia elektryczne,Media i fotografia,Noun,,,,,,
2981,video_player,magnetowid,Urządzenia elektryczne,Media i fotografia,Noun,,,,,,
2982,video_tape,kaseta wideo,Urządzenia elektryczne,Media i fotografia,Noun,,,,,,
2983,vine,winorośl,Rośliny i drzewa,,Noun,,,,,V,
2984,vinegar,ocet,Jedzenie,Składniki,Noun,,,,,,
2985,visitor_1a,gość,Ludzie,Zawody,Noun,1a,,,tylko jeden wariant płci; płeć postaci do sprawdzenia na obrazie; a/b = odcień skóry,V,
2986,visitor_1b,gość,Ludzie,Zawody,Noun,1b,,,tylko jeden wariant płci; płeć postaci do sprawdzenia na obrazie; a/b = odcień skóry,V,
2987,visor,daszek,Ubrania,Odzież ogólna,Noun,,,,,,
2988,visor_2,daszek,Ubrania,Odzież sportowa,Noun,2,,,,,
2989,volleyball,siatkówka,Sport,Dyscypliny i czynności sportowe,Noun,,,,,,
2990,"vomit_,_to",wymiotować,Zdrowie i higiena,Dolegliwości i stany zdrowia,Verb,,postawa i czynności ciała,ndk,,,
2991,vulture,sęp,Zwierzęta,Ptaki,Noun,,,,,,
2992,W,W (wielka litera),Alfabet,,Noun,,,,,,
2993,w_-_lower_case,w (mała litera),Alfabet,,Noun,,,,,,
2994,wafer,wafelek,Jedzenie,Słodycze i desery,Noun,,,,,,
2995,"wag_tail_,_to",merdać ogonem,Zwierzęta,Cechy i części ciała zwierząt,VerbComplex,,postawa i czynności ciała,ndk,,,
2996,"wag_tail_2_,_to",merdać ogonem,Zwierzęta,Cechy i części ciała zwierząt,VerbComplex,,postawa i czynności ciała,ndk,wariant obrazu,,
2997,waistcoat,kamizelka,Ubrania,Odzież ogólna,Noun,,,,,,
2998,"walk_dog_,_to",wyprowadzać psa,Zwierzęta,Pielęgnacja zwierząt,VerbComplex,,relacje społeczne i opieka,ndk,,,
2999,walking_frame,chodzik,Zdrowie i higiena,Przedmioty i sprzęt medyczny,Noun,,,,,,
3000,walking_stick,laska,Zdrowie i higiena,Przedmioty i sprzęt medyczny,Noun,,,,,,
3001,walkman,walkman,Urządzenia elektryczne,Media i fotografia,Noun,,,,nazwa handlowa,B,
3002,wall,ściana,Budynki i dom,Konstrukcja i elementy budynku,Noun,,,,,,
3003,wallet,portfel,Ubrania,Akcesoria,Noun,,,,,,
3004,walnut,orzech włoski,Jedzenie,Orzechy,Noun,,,,,,
3005,walrus,mors,Zwierzęta,Ryby i ssaki morskie,Noun,,,,,,
3006,wardrobe,szafa,Budynki i dom,Meble,Noun,,,,,,
3007,warm_clothes,ciepłe ubrania,Ubrania,Odzież ogólna,Noun,,,,,,
3008,warm_fire,ciepło ognia,Określenia,Stan,Noun,,,,,V,
3009,warning_light,lampka ostrzegawcza,Urządzenia elektryczne,Ogólne,Noun,,,,,,
3010,"wash_clothes_,_to",prać ubrania,Budynki i dom,Prace domowe,VerbComplex,,prace domowe i ogrodowe,ndk,,,
3011,"wash_face_,_to",myć twarz,Zdrowie i higiena,Czynności higieniczne,VerbComplex,,higiena i ubieranie się,ndk,,,
3012,"wash_hands_,_to",myć ręce,Zdrowie i higiena,Czynności higieniczne,VerbComplex,,higiena i ubieranie się,ndk,,,
3013,"wash_up_,_to",zmywać naczynia,Budynki i dom,Prace domowe,VerbComplex,,prace domowe i ogrodowe,ndk,,,
3014,"wash_vegetables_,_to",myć warzywa,Jedzenie,Czynności kuchenne,VerbComplex,,gotowanie i obróbka żywności,ndk,,,
3015,washing_machine,pralka,Budynki i dom,Sprzęt i urządzenia,Noun,,,,,,
3016,washing_powder,proszek do prania,Budynki i dom,Przedmioty i wyposażenie domu,Noun,,,,,,
3017,washing_up_bowl,miska do zmywania,Budynki i dom,Przedmioty i wyposażenie domu,Noun,,,,,,
3018,washing_up_liquid,płyn do mycia naczyń,Budynki i dom,Przedmioty i wyposażenie domu,Noun,,,,,,
3019,wasp,osa,Zwierzęta,Pająki i owady,Noun,,,,,,
3020,waste_paper_bin,kosz na papiery,Budynki i dom,Przedmioty i wyposażenie domu,Noun,,,,,,
3021,watch,zegarek,Ubrania,Biżuteria,Noun,,,,,,
3022,water,woda,Napoje,Rodzaje napojów,Noun,,,,,,
3023,water_bottle_hamster,poidełko dla chomika,Zwierzęta,Karmienie zwierząt,Noun,,,,,,
3024,water_bowl,miska na wodę,Zwierzęta,Karmienie zwierząt,Noun,,,,,,
3025,water_pistol,pistolet na wodę,Wypoczynek i zabawa,Zabawki,Noun,,,,,,
3026,"water_plants_,_to",podlewać rośliny,Budynki i dom,Prace domowe,VerbComplex,,prace domowe i ogrodowe,ndk,,,
3027,water_table,stół z wodą do zabawy,Wypoczynek i zabawa,Zabawki,Noun,,,,,,
3028,watering_can,konewka,Narzędzia,Ogrodnicze,Noun,,,,,,
3029,watermelon,arbuz,Jedzenie,Owoce,Noun,,,,,,
3030,waterproof,wodoodporny,Nauka,Ogólne,Noun,,,,,,
3031,wavy,falisty,Określenia,Kształt,Noun,,,,,,
3032,weak_link,słabe ogniwo,Określenia,Stan,Noun,,,,,V,
3033,web_address,adres internetowy,Komputer,Interfejs i polecenia,Noun,,,,,,
3034,webbed_foot,łapa z błoną pławną,Zwierzęta,Cechy i części ciała zwierząt,Noun,,,,,,
3035,webcam,kamera internetowa,Komputer,Sprzęt i obsługa,Noun,,,,,,
3036,weeds,chwasty,Rośliny i drzewa,,Noun,,,,,,
3037,week,tydzień,Określenia,Czas,Noun,,,,,,
3038,week_1,tydzień,Określenia,Czas,Noun,1,,,,,
3039,weekend,weekend,Określenia,Czas,Noun,,,,,,
3040,"weigh_,_to",ważyć,Określenia,Ilość i miara,Verb,,manipulowanie przedmiotami,ndk,,,
3041,wellington_boots,kalosze,Ubrania,Odzież ogólna,Noun,,,,,,
3042,west,zachód,Określenia,Kierunek,Noun,,,,,,
3043,wet,mokry,Określenia,Stan,Noun,,,,,,
3044,wet_1,mokry,Określenia,Stan,Noun,1,,,,,
3045,what,co,Pytania,,Noun,,,,,,
3046,wheelbarrow,taczka,Narzędzia,Ogrodnicze,Noun,,,,,,
3047,wheelchair,wózek inwalidzki,Transport,Drogowy,Noun,,,,,,
3048,wheelchair_and_switch_mount,wózek z uchwytem do przełącznika,Komunikacja,Sprzęt i pomoce AAC,Noun,,,,,,
3049,wheelchair_communication_aid,wózek z urządzeniem komunikacyjnym,Komunikacja,Sprzęt i pomoce AAC,Noun,,,,,,
3050,wheelie_bin,pojemnik na śmieci na kółkach,Budynki i dom,Przedmioty i wyposażenie domu,Noun,,,,,,
3051,wheelie_bin_2,pojemnik na śmieci na kółkach,Budynki i dom,Przedmioty i wyposażenie domu,Noun,2,,,,,
3052,wheelie_bin_3,pojemnik na śmieci na kółkach,Budynki i dom,Przedmioty i wyposażenie domu,Noun,3,,,,,
3053,when,kiedy,Pytania,,Noun,,,,,,
3054,where,gdzie,Pytania,,Noun,,,,,,
3055,where_1,gdzie,Pytania,,Noun,1,,,,,
3056,which,który,Pytania,,Noun,,,,,,
3057,whisk,trzepaczka,Jedzenie,Przybory i sprzęt kuchenny,Noun,,,,,,
3058,"whisk_,_to",ubijać,Jedzenie,Czynności kuchenne,Verb,,gotowanie i obróbka żywności,ndk,,,
3059,whiskers,wąsy,Zwierzęta,Cechy i części ciała zwierząt,Noun,,,,,,
3060,white,biały,Plastyka,Kolory,Noun,,,,,,
3061,whiteboard,tablica biała,Budynki i dom,Sprzęt i urządzenia,Noun,,,,,,
3062,who,kto,Pytania,,Noun,,,,,,
3063,whole,cały,Określenia,Ilość i miara,Noun,,,,,,
3064,why,dlaczego,Pytania,,Noun,,,,,,
3065,wife,żona,Ludzie,Pokrewieństwo i relacje,Noun,,,,,,
3066,wig_1,peruka,Zdrowie i higiena,Przedmioty do higieny i pielęgnacji,Noun,1,,,,,
3067,wig_2,peruka,Zdrowie i higiena,Przedmioty do higieny i pielęgnacji,Noun,2,,,,,
3068,Wii,Wii,Urządzenia elektryczne,Media i fotografia,Noun,,,,nazwa handlowa,B,
3069,Wii_Fit,Wii Fit,Urządzenia elektryczne,Media i fotografia,Noun,,,,nazwa handlowa,B,
3070,window,okno,Budynki i dom,Konstrukcja i elementy budynku,Noun,,,,,,
3071,windpipe,tchawica,Zdrowie i higiena,Części ciała,Noun,,,,,,
3072,wine,wino,Napoje,Rodzaje napojów,Noun,,,,,,
3073,wing,skrzydło,Zwierzęta,Cechy i części ciała zwierząt,Noun,,,,,,
3074,winner,zwycięzca,Sport,Dyscypliny i czynności sportowe,Noun,,,,,,
3075,winter,zima,Określenia,Czas,Noun,,,,,,
3076,"wipe_table_,_to",wycierać stół,Budynki i dom,Prace domowe,VerbComplex,,prace domowe i ogrodowe,ndk,,,
3077,wire_break,przerwa w przewodzie,Urządzenia elektryczne,Ogólne,Noun,,,,,,
3078,wishbone,obojczyk (kość życzeń),Jedzenie,Drób,Noun,,,,zwyczaj z kością drobiu (pull the wishbone),K,
3079,witch,czarownica,Uroczystości,Przedmioty i dekoracje,Noun,,,,,,
3080,witches_hat,kapelusz czarownicy,Uroczystości,Przedmioty i dekoracje,Noun,,,,,,
3081,wolf,wilk,Zwierzęta,Ssaki,Noun,,,,,,
3082,wood,drewno,Narzędzia,Warsztatowe,Noun,,,,,,
3083,wood_lathe,tokarka do drewna,Narzędzia,Warsztatowe,Noun,,,,,,
3084,wooden_spoon,drewniana łyżka,Jedzenie,Przybory i sprzęt kuchenny,Noun,,,,,,
3085,woodstain,bejca,Narzędzia,Warsztatowe,Noun,,,,,,
3086,wool,wełna,Budynki i dom,Przedmioty i wyposażenie domu,Noun,,,,,,
3087,"work_,_to",pracować,Narzędzia,Czynności,Verb,,praca,ndk,,,
3088,work_book,zeszyt ćwiczeń,Praca i szkoła,Edukacja,Noun,,,,,,
3089,worksheet,karta pracy,Praca i szkoła,Edukacja,Noun,,,,,,
3090,world,świat (kula ziemska),Nauka,Astronomia,Noun,,,,,V,
3091,worried_lady,zmartwiona (kobieta),Ludzie,Uczucia i emocje,Noun,,,,płeć postaci: kobieta,,
3092,worried_man,zmartwiony (mężczyzna),Ludzie,Uczucia i emocje,Noun,,,,płeć postaci: mężczyzna,,
3093,"wrap_,_to",pakować prezent,Uroczystości,Wydarzenia,Verb,,manipulowanie przedmiotami,ndk,,,
3094,wrapping_paper,papier do pakowania prezentów,Uroczystości,Przedmioty i dekoracje,Noun,,,,,,
3095,wrench,klucz,Narzędzia,Warsztatowe,Noun,,,,,,
3096,wrinkled,pomarszczony,Ludzie,Cechy i opis osób,Noun,,,,,,
3097,wrist,nadgarstek,Zdrowie i higiena,Części ciała,Noun,,,,,,
3098,wrong_thought,zła odpowiedź (błędna myśl),Ludzie,Cechy i opis osób,Noun,,,,,V,
3099,X,X (wielka litera),Alfabet,,Noun,,,,,,
3100,x_-_lower_case,x (mała litera),Alfabet,,Noun,,,,,,
3101,xray,zdjęcie rentgenowskie,Zdrowie i higiena,Przedmioty i sprzęt medyczny,Noun,,,,,,
3102,xylophone,ksylofon,Muzyka,Instrumenty,Noun,,,,,,
3103,Y,Y (wielka litera),Alfabet,,Noun,,,,,,
3104,y_-_lower_case,y (mała litera),Alfabet,,Noun,,,,,,
3105,yellow,żółty,Plastyka,Kolory,Noun,,,,,,
3106,yesterday,wczoraj,Określenia,Czas,Noun,,,,,,
3107,yogurt,jogurt,Jedzenie,Nabiał,Noun,,,,,,
3108,yorkshire_pudding,yorkshire pudding,Jedzenie,Posiłki i przekąski,Noun,,,,brytyjski dodatek do pieczeni,K,
3109,young,młody,Ludzie,Cechy i opis osób,Noun,,,,,,
3110,yo-yo,jojo,Wypoczynek i zabawa,Zabawki,Noun,,,,,,
3111,yucky,"fuj, niedobre",Jedzenie,Spożywanie posiłków i karmienie,Noun,,,,,,
3112,yule_log,bożonarodzeniowe ciasto-polano,Uroczystości,Przedmioty i dekoracje,Noun,,,,brytyjski deser (yule log),K,
3113,yummy,pyszne,Jedzenie,Spożywanie posiłków i karmienie,Noun,,,,,,
3114,Z,Z (wielka litera),Alfabet,,Noun,,,,,,
3115,z_-_lower_case,z (mała litera),Alfabet,,Noun,,,,,,
3116,zebra,zebra,Zwierzęta,Ssaki,Noun,,,,,,
3117,zebra_crossing,przejście dla pieszych,Transport,Drogowy,Noun,,,,,,
3118,Zero,zero,Liczby,Liczebniki,Noun,,,,,,
3119,zip,zamek błyskawiczny,Ubrania,Akcesoria,Noun,,,,,,
3120,"arrest_,_to",aresztować,Czasowniki,,Verb,,relacje społeczne i opieka,ndk,,,
3121,"ask_,_to",pytać,Czasowniki,,Verb,,komunikacja,ndk,,,
3122,"attract_,_to",przyciągać,Czasowniki,,Verb,,manipulowanie przedmiotami,ndk,,,
3123,"bend_,_to",zginać,Czasowniki,,Verb,,postawa i czynności ciała,ndk,wariant obrazu; sprawdzić: zginać czy schylać się,V,
3124,"bend_2_,_to",zginać,Czasowniki,,Verb,,postawa i czynności ciała,ndk,wariant obrazu,,
3125,"bite_,_to",gryźć,Czasowniki,,Verb,,postawa i czynności ciała,ndk,,,
3126,"blink_,_to",mrugać,Czasowniki,,Verb,,postawa i czynności ciała,ndk,,,
3127,"blow_,_to",dmuchać,Czasowniki,,Verb,,postawa i czynności ciała,ndk,,,
3128,"blow_kiss_,_to",posyłać buziaka,Czasowniki,,VerbComplex,,relacje społeczne i opieka,ndk,,,
3129,"bounce_,_to",podskakiwać,Czasowniki,,Verb,,ruch,ndk,,,
3130,"bounce_ball_,_to",odbijać piłkę,Czasowniki,,VerbComplex,,"gra, sport i wypoczynek",ndk,,,
3131,"box_,_to",boksować się,Czasowniki,,Verb,,"gra, sport i wypoczynek",ndk,,,
3132,"bring_,_to",przynosić,Czasowniki,,Verb,,dawanie i posiadanie,ndk,,,
3133,"build_,_to",budować,Czasowniki,,Verb,,tworzenie i rzemiosło,ndk,,,
3134,"burn_2_,_to",palić się,Czasowniki,,Verb,,zmiana stanu,ndk,,,
3135,"call_out_,_to",wołać,Czasowniki,,VerbComplex,,komunikacja,ndk,,,
3136,"camp_,_to",biwakować,Czasowniki,,Verb,,"gra, sport i wypoczynek",ndk,,,
3137,"carry_,_to",nosić,Czasowniki,,Verb,,manipulowanie przedmiotami,ndk,czasownik ruchu (nosić / nieść),M,
3138,"carry_books_,_to",nosić książki,Czasowniki,,VerbComplex,,manipulowanie przedmiotami,ndk,,,
3139,"carve_meat_,_to",kroić mięso,Czasowniki,,VerbComplex,,gotowanie i obróbka żywności,ndk,,,
3140,"carve_wood_,_to",rzeźbić w drewnie,Czasowniki,,VerbComplex,,tworzenie i rzemiosło,ndk,,,
3141,"catch_,_to",łapać,Czasowniki,,Verb,,manipulowanie przedmiotami,ndk,,,
3142,"catch_2_,_to",łapać,Czasowniki,,Verb,,manipulowanie przedmiotami,ndk,wariant obrazu,,
3143,"celebrate_1_,_to",świętować,Czasowniki,,Verb,,relacje społeczne i opieka,ndk,wariant obrazu,,
3144,"change_,_to",zmieniać,Czasowniki,,Verb,,zmiana stanu,ndk,,,
3145,"change_clothes_,_to",przebierać się,Czasowniki,,VerbComplex,,higiena i ubieranie się,ndk,,,
3146,"change_mind_,_to",zmieniać zdanie,Czasowniki,,VerbComplex,,poznanie i percepcja,ndk,,,
3147,"change_weather_,_to",zmieniać się,Czasowniki,,VerbComplex,,zmiana stanu,ndk,o pogodzie,,
3148,"chase_,_to",gonić,Czasowniki,,Verb,,ruch,ndk,,,
3149,"cheat_,_to",oszukiwać,Czasowniki,,Verb,,relacje społeczne i opieka,ndk,,,
3150,"chew_,_to",żuć,Czasowniki,,Verb,,jedzenie i picie,ndk,,,
3151,"choke_,_to",dławić się,Czasowniki,,Verb,,postawa i czynności ciała,ndk,,,
3152,"chop_wood_,_to",rąbać drewno,Czasowniki,,VerbComplex,,prace domowe i ogrodowe,ndk,,,
3153,"clap_hands_,_to",klaskać,Czasowniki,,VerbComplex,,postawa i czynności ciała,ndk,,,
3154,"climb_down_,_to",schodzić w dół,Czasowniki,,VerbComplex,,ruch,ndk,,,
3155,"climb_tree_,_to",wspinać się na drzewo,Czasowniki,,VerbComplex,,ruch,ndk,,,
3156,"climb_up_,_to",wspinać się,Czasowniki,,VerbComplex,,ruch,ndk,,,
3157,"close_,_to",zamykać,Czasowniki,,Verb,,zmiana stanu,ndk,,,
3158,"close_door_,_to",zamykać drzwi,Czasowniki,,Verb,,zmiana stanu,ndk,,,
3159,"collect_,_to",zbierać,Czasowniki,,Verb,,dawanie i posiadanie,ndk,,,
3160,"come_,_to",przychodzić,Czasowniki,,Verb,,ruch,ndk,,,
3161,"communicate_,_to",komunikować się,Czasowniki,,Verb,,komunikacja,ndk,,,
3162,computer_folder,folder (komputerowy),Czasowniki,,Noun,,,,,,
3163,"copy_,_to",kopiować,Czasowniki,,Verb,,obsługa urządzeń,ndk,znaczenie do potwierdzenia na obrazie,V,
3164,"count_,_to",liczyć,Czasowniki,,Verb,,poznanie i percepcja,ndk,,,
3165,"count_2_,_to",liczyć,Czasowniki,,Verb,,poznanie i percepcja,ndk,wariant obrazu,,
3166,"crawl_,_to",czołgać się,Czasowniki,,Verb,,ruch,ndk,u niemowląt: raczkować,,
3167,"cross_fingers_,_to",krzyżować palce,Czasowniki,,VerbComplex,,postawa i czynności ciała,ndk,gest kulturowy; polski odpowiednik idiomatyczny to trzymać kciuki (inny gest),K,
3168,"crouch_,_to",kucać,Czasowniki,,Verb,,postawa i czynności ciała,ndk,,,
3169,"crumple_paper_,_to",zgniatać papier,Czasowniki,,VerbComplex,,manipulowanie przedmiotami,ndk,,,
3170,"cut_,_to",ciąć,Czasowniki,,Verb,,manipulowanie przedmiotami,ndk,,,
3171,"cut_with_scissors_,_to",ciąć nożyczkami,Czasowniki,,VerbComplex,,manipulowanie przedmiotami,ndk,,,
3172,"dance_,_to",tańczyć,Czasowniki,,Verb,,"gra, sport i wypoczynek",ndk,,,
3173,"dance_2_,_to",tańczyć,Czasowniki,,Verb,,"gra, sport i wypoczynek",ndk,wariant obrazu,,
3174,"dance_3_,_to",tańczyć,Czasowniki,,Verb,,"gra, sport i wypoczynek",ndk,wariant obrazu,,
3175,"daydream_,_to",marzyć,Czasowniki,,Verb,,poznanie i percepcja,ndk,,,
3176,"decorate_,_to",dekorować,Czasowniki,,Verb,,tworzenie i rzemiosło,ndk,,,
3177,"deliver_,_to",dostarczać,Czasowniki,,Verb,,dawanie i posiadanie,ndk,,,
3178,"deliver_2_,_to",dostarczać,Czasowniki,,Verb,,dawanie i posiadanie,ndk,wariant obrazu,,
3179,"dial_,_to",wybierać numer,Czasowniki,,Verb,,obsługa urządzeń,ndk,,,
3180,"die_,_to",umierać,Czasowniki,,Verb,,odpoczynek i stany,ndk,,,
3181,"dig_,_to",kopać łopatą,Czasowniki,,Verb,,prace domowe i ogrodowe,ndk,polski homonim z kick: kopać piłkę / kopać dół,,
3182,"dig_2_,_to",kopać łopatą,Czasowniki,,Verb,,prace domowe i ogrodowe,ndk,wariant obrazu,,
3183,"dive_,_to",nurkować,Czasowniki,,Verb,,"gra, sport i wypoczynek",ndk,,,
3184,"download_,_to",pobierać,Czasowniki,,Verb,,obsługa urządzeń,ndk,,,
3185,"draw_,_to",rysować,Czasowniki,,Verb,,tworzenie i rzemiosło,ndk,,,
3186,"dream_,_to",śnić,Czasowniki,,Verb,,odpoczynek i stany,ndk,,,
3187,"drink_2_,_to",pić,Czasowniki,,Verb,,jedzenie i picie,ndk,wariant obrazu,,
3188,"drink_3_,_to",pić,Czasowniki,,Verb,,jedzenie i picie,ndk,wariant obrazu,,
3189,"drip_,_to",kapać,Czasowniki,,Verb,,zmiana stanu,ndk,,,
3190,"drive_,_to",prowadzić samochód,Czasowniki,,Verb,,ruch,ndk,czasownik ruchu,M,
3191,"drown_,_to",topić się,Czasowniki,,Verb,,zmiana stanu,ndk,,,
3192,"eat_,_to",jeść,Czasowniki,,Verb,,jedzenie i picie,ndk,,,
3193,"eat_1_,_to",jeść,Czasowniki,,Verb,,jedzenie i picie,ndk,wariant obrazu,,
3194,"eat_2_,_to",jeść,Czasowniki,,Verb,,jedzenie i picie,ndk,wariant obrazu,,
3195,"escape_,_to",uciekać,Czasowniki,,Verb,,ruch,ndk,,,
3196,"fall_off_,_to",spadać,Czasowniki,,VerbComplex,,ruch,ndk,,,
3197,"fall_over_,_to",przewracać się,Czasowniki,,VerbComplex,,ruch,ndk,,,
3198,"fasten_,_to",zapinać,Czasowniki,,Verb,,manipulowanie przedmiotami,ndk,,,
3199,"feed_someone_,_to",karmić kogoś,Czasowniki,,VerbComplex,,relacje społeczne i opieka,ndk,,,
3200,"feed_someone_2_,_to",karmić kogoś,Czasowniki,,VerbComplex,,relacje społeczne i opieka,ndk,wariant obrazu,,
3201,"fight_,_to",bić się,Czasowniki,,Verb,,relacje społeczne i opieka,ndk,,,
3202,"file_metal_,_to",pilnikować metal,Czasowniki,,VerbComplex,,tworzenie i rzemiosło,ndk,,,
3203,"file_wood_,_to",pilnikować drewno,Czasowniki,,VerbComplex,,tworzenie i rzemiosło,ndk,,,
3204,"fill_2_,_to",napełniać,Czasowniki,,Verb,,zmiana stanu,ndk,,,
3205,"find_,_to",znaleźć,Czasowniki,,Verb,,dawanie i posiadanie,dk,forma dokonana jako naturalna forma cytowania,,
3206,"flip_coin_,_to",rzucać monetą,Czasowniki,,VerbComplex,,"gra, sport i wypoczynek",ndk,,,
3207,forward_wind,przewijanie do przodu,Czasowniki,,Noun,,,,,,
3208,fried_breakfast,śniadanie smażone (angielskie),Czasowniki,,Noun,,,,full English breakfast,K,
3209,"get_,_to",dostawać,Czasowniki,,Verb,,dawanie i posiadanie,ndk,,,
3210,"get_off_bus_,_to",wysiadać z autobusu,Czasowniki,,VerbComplex,,ruch,ndk,,,
3211,"get_on_bus_,_to",wsiadać do autobusu,Czasowniki,,VerbComplex,,ruch,ndk,,,
3212,"get_out_of_chair_,_to",wstawać z krzesła,Czasowniki,,VerbComplex,,postawa i czynności ciała,ndk,,,
3213,"get_up_,_to",wstawać,Czasowniki,,VerbComplex,,postawa i czynności ciała,ndk,,,
3214,"get_up_2_,_to",wstawać,Czasowniki,,VerbComplex,,postawa i czynności ciała,ndk,wariant obrazu,,
3215,"give_,_to",dawać,Czasowniki,,Verb,,dawanie i posiadanie,ndk,,,
3216,"give_up_cake_,_to",rezygnować z ciasta,Czasowniki,,VerbComplex,,jedzenie i picie,ndk,,,
3217,"give_up_foods_,_to",rezygnować z niektórych potraw,Czasowniki,,VerbComplex,,jedzenie i picie,ndk,,,
3218,"go_,_to",iść,Czasowniki,,Verb,,ruch,ndk,czasownik ruchu (iść / chodzić),M,
3219,"go_in_,_to",wchodzić,Czasowniki,,VerbComplex,,ruch,ndk,,,
3220,"go_outside_,_to",wychodzić na zewnątrz,Czasowniki,,VerbComplex,,ruch,ndk,,,
3221,"go_out_2_,_to",wychodzić,Czasowniki,,VerbComplex,,ruch,ndk,wariant obrazu,,
3222,"grab_,_to",chwytać,Czasowniki,,Verb,,manipulowanie przedmiotami,ndk,,,
3223,"grab_1_,_to",chwytać,Czasowniki,,Verb,,manipulowanie przedmiotami,ndk,wariant obrazu,,
3224,"grow_,_to",rosnąć,Czasowniki,,Verb,,zmiana stanu,ndk,,,
3225,"grow_2_,_to",rosnąć,Czasowniki,,Verb,,zmiana stanu,ndk,wariant obrazu,,
3226,"grow_hair_,_to",zapuszczać włosy,Czasowniki,,VerbComplex,,higiena i ubieranie się,ndk,,,
3227,"grow_hair_2_,_to",zapuszczać włosy,Czasowniki,,VerbComplex,,higiena i ubieranie się,ndk,wariant obrazu,,
3228,"guess_,_to",zgadywać,Czasowniki,,Verb,,poznanie i percepcja,ndk,,,
3229,"hang_,_to",wieszać,Czasowniki,,Verb,,manipulowanie przedmiotami,ndk,,,
3230,"hang_coat_,_to",wieszać płaszcz,Czasowniki,,VerbComplex,,prace domowe i ogrodowe,ndk,,,
3231,"hatch_,_to",wykluwać się,Czasowniki,,Verb,,zmiana stanu,ndk,,,
3232,"help_,_to",pomagać,Czasowniki,,Verb,,relacje społeczne i opieka,ndk,,,
3233,"hike_,_to",wędrować,Czasowniki,,Verb,,"gra, sport i wypoczynek",ndk,,,
3234,"hike_2_,_to",wędrować,Czasowniki,,Verb,,"gra, sport i wypoczynek",ndk,wariant obrazu,,
3235,"hit_,_to",uderzać,Czasowniki,,Verb,,manipulowanie przedmiotami,ndk,,,
3236,"hit_something_,_to",uderzać w coś,Czasowniki,,VerbComplex,,manipulowanie przedmiotami,ndk,,,
3237,"hold_,_to",trzymać,Czasowniki,,Verb,,manipulowanie przedmiotami,ndk,,,
3238,"hold_hands_,_to",trzymać się za ręce,Czasowniki,,VerbComplex,,relacje społeczne i opieka,ndk,,,
3239,"hold_sledge_hammer_,_to",trzymać młot,Czasowniki,,VerbComplex,,manipulowanie przedmiotami,ndk,,,
3240,"hop_,_to",skakać na jednej nodze,Czasowniki,,Verb,,ruch,ndk,,,
3241,"hop_2_,_to",skakać na jednej nodze,Czasowniki,,Verb,,ruch,ndk,wariant obrazu,,
3242,"hug_,_to",przytulać,Czasowniki,,Verb,,relacje społeczne i opieka,ndk,,,
3243,"hunt_,_to",polować,Czasowniki,,Verb,,"gra, sport i wypoczynek",ndk,,,
3244,"insert_,_to",wkładać,Czasowniki,,Verb,,manipulowanie przedmiotami,ndk,,,
3245,"jog_,_to",biegać rekreacyjnie,Czasowniki,,Verb,,ruch,ndk,,,
3246,"join_,_to",łączyć,Czasowniki,,Verb,,manipulowanie przedmiotami,ndk,,,
3247,"join_2_,_to",łączyć,Czasowniki,,Verb,,manipulowanie przedmiotami,ndk,wariant obrazu,,
3248,join_3,łączyć,Czasowniki,,Verb,3,manipulowanie przedmiotami,ndk,"wariant obrazu; brak sufiksu _,_to w nazwie pliku",E,
3249,"jump_,_to",skakać,Czasowniki,,Verb,,ruch,ndk,,,
3250,"jump_2_,_to",skakać,Czasowniki,,Verb,,ruch,ndk,wariant obrazu,,
3251,"keep_,_to",zachowywać,Czasowniki,,Verb,,dawanie i posiadanie,ndk,,,
3252,"kick_ball_,_to",kopać piłkę,Czasowniki,,VerbComplex,,"gra, sport i wypoczynek",ndk,,,
3253,"kick_person_,_to",kopać kogoś,Czasowniki,,VerbComplex,,relacje społeczne i opieka,ndk,,,
3254,"kick_swimming_,_to",machać nogami w wodzie,Czasowniki,,VerbComplex,,"gra, sport i wypoczynek",ndk,,,
3255,"kill_,_to",zabijać,Czasowniki,,Verb,,relacje społeczne i opieka,ndk,,,
3256,"knit_,_to",robić na drutach,Czasowniki,,Verb,,tworzenie i rzemiosło,ndk,,,
3257,"knock_,_to",pukać,Czasowniki,,Verb,,manipulowanie przedmiotami,ndk,,,
3258,"knock_down_,_to",przewracać,Czasowniki,,VerbComplex,,manipulowanie przedmiotami,ndk,,,
3259,"lie_on_back_,_to",leżeć na plecach,Czasowniki,,VerbComplex,,postawa i czynności ciała,ndk,,,
3260,"look_,_to",patrzeć,Czasowniki,,Verb,,poznanie i percepcja,ndk,,,
3261,"make_,_to",robić,Czasowniki,,Verb,,tworzenie i rzemiosło,ndk,,,
3262,"meet_,_to",spotykać,Czasowniki,,Verb,,relacje społeczne i opieka,ndk,,,
3263,"miss_bus_,_to",spóźnić się na autobus,Czasowniki,,VerbComplex,,ruch,dk,forma dokonana jako naturalna forma cytowania,,
3264,"move_,_to",poruszać się,Czasowniki,,Verb,,ruch,ndk,,,
3265,"nod_,_to",kiwać głową,Czasowniki,,Verb,,postawa i czynności ciała,ndk,,,
3266,"open_,_to",otwierać,Czasowniki,,Verb,,zmiana stanu,ndk,,,
3267,"open_2_,_to",otwierać,Czasowniki,,Verb,,zmiana stanu,ndk,wariant obrazu,,
3268,"open_door_,_to",otwierać drzwi,Czasowniki,,VerbComplex,,zmiana stanu,ndk,,,
3269,"open_door_1_,_to",otwierać drzwi,Czasowniki,,VerbComplex,,zmiana stanu,ndk,wariant obrazu,,
3270,"open_door_2_,_to",otwierać drzwi,Czasowniki,,VerbComplex,,zmiana stanu,ndk,wariant obrazu,,
3271,"order_1_,_to",zamawiać,Czasowniki,,Verb,,dawanie i posiadanie,ndk,wariant obrazu; sprawdzić: zamawiać czy rozkazywać,V,
3272,"order_2_,_to",zamawiać,Czasowniki,,Verb,,dawanie i posiadanie,ndk,wariant obrazu; sprawdzić: zamawiać czy rozkazywać,V,
3273,"pack_suitcase_,_to",pakować walizkę,Czasowniki,,VerbComplex,,prace domowe i ogrodowe,ndk,,,
3274,"paint_,_to",malować,Czasowniki,,Verb,,tworzenie i rzemiosło,ndk,,,
3275,"paint_1_,_to",malować,Czasowniki,,Verb,,tworzenie i rzemiosło,ndk,wariant obrazu,,
3276,"paint_2_,_to",malować,Czasowniki,,Verb,,tworzenie i rzemiosło,ndk,wariant obrazu,,
3277,"park_,_to",parkować,Czasowniki,,Verb,,ruch,ndk,,,
3278,"pat_dog_,_to",głaskać psa,Czasowniki,,VerbComplex,,relacje społeczne i opieka,ndk,,,
3279,"peel_orange_,_to",obierać pomarańczę,Czasowniki,,VerbComplex,,gotowanie i obróbka żywności,ndk,,,
3280,"pick_,_to",wybierać,Czasowniki,,Verb,,dawanie i posiadanie,ndk,znaczenie do potwierdzenia na obrazie (wybierać / zrywać),V,
3281,"pick_up_,_to",podnosić,Czasowniki,,VerbComplex,,manipulowanie przedmiotami,ndk,,,
3282,"plant_,_to",sadzić,Czasowniki,,Verb,,prace domowe i ogrodowe,ndk,,,
3283,"play_,_to",bawić się,Czasowniki,,Verb,,"gra, sport i wypoczynek",ndk,,,
3284,"plough_,_to",orać,Czasowniki,,Verb,,prace domowe i ogrodowe,ndk,,,
3285,"pluck_,_to",skubać,Czasowniki,,Verb,,manipulowanie przedmiotami,ndk,znaczenie do potwierdzenia na obrazie,V,
3286,"post_letter_,_to",wysyłać list,Czasowniki,,VerbComplex,,komunikacja,ndk,,,
3287,"pour_,_to",nalewać,Czasowniki,,Verb,,manipulowanie przedmiotami,ndk,,,
3288,"pray_2_,_to",modlić się,Czasowniki,,Verb,,relacje społeczne i opieka,ndk,wariant obrazu,,
3289,"press_button_,_to",naciskać przycisk,Czasowniki,,VerbComplex,,obsługa urządzeń,ndk,,,
3290,"prop_up_,_to",podpierać,Czasowniki,,VerbComplex,,manipulowanie przedmiotami,ndk,,,
3291,"protect_,_to",chronić,Czasowniki,,Verb,,relacje społeczne i opieka,ndk,,,
3292,"pull_,_to",ciągnąć,Czasowniki,,Verb,,manipulowanie przedmiotami,ndk,,,
3293,"pull_2_,_to",ciągnąć,Czasowniki,,Verb,,manipulowanie przedmiotami,ndk,wariant obrazu,,
3294,"push_,_to",pchać,Czasowniki,,Verb,,manipulowanie przedmiotami,ndk,,,
3295,"push_2_,_to",pchać,Czasowniki,,Verb,,manipulowanie przedmiotami,ndk,wariant obrazu,,
3296,"push_down_,_to",wciskać,Czasowniki,,VerbComplex,,manipulowanie przedmiotami,ndk,,,
3297,"put_,_to",kłaść,Czasowniki,,Verb,,manipulowanie przedmiotami,ndk,,,
3298,"put_away_,_to",odkładać na miejsce,Czasowniki,,VerbComplex,,prace domowe i ogrodowe,ndk,,,
3299,"put_in_,_to",wkładać,Czasowniki,,VerbComplex,,manipulowanie przedmiotami,ndk,,,
3300,"put_in_cassette_tape_,_to",wkładać kasetę,Czasowniki,,VerbComplex,,obsługa urządzeń,ndk,,,
3301,"put_in_cd_dvd_,_to",wkładać płytę,Czasowniki,,VerbComplex,,obsługa urządzeń,ndk,,,
3302,"put_in_contact_lens_,_to",zakładać soczewkę kontaktową,Czasowniki,,VerbComplex,,higiena i ubieranie się,ndk,,,
3303,"put_on_helmet_,_to",zakładać kask,Czasowniki,,VerbComplex,,higiena i ubieranie się,ndk,,,
3304,"put_on_lid_,_to",zakładać pokrywkę,Czasowniki,,VerbComplex,,gotowanie i obróbka żywności,ndk,,,
3305,"queue_,_to",stać w kolejce,Czasowniki,,Verb,,relacje społeczne i opieka,ndk,,,
3306,"raise_feet_,_to",unosić stopy,Czasowniki,,VerbComplex,,postawa i czynności ciała,ndk,,,
3307,"raise_head_,_to",unosić głowę,Czasowniki,,VerbComplex,,postawa i czynności ciała,ndk,,,
3308,"rake_2_,_to",grabić,Czasowniki,,Verb,,prace domowe i ogrodowe,ndk,,,
3309,"reach_for_,_to",sięgać po coś,Czasowniki,,VerbComplex,,manipulowanie przedmiotami,ndk,,,
3310,"read_,_to",czytać,Czasowniki,,Verb,,poznanie i percepcja,ndk,,,
3311,"read_2_,_to",czytać,Czasowniki,,Verb,,poznanie i percepcja,ndk,wariant obrazu,,
3312,"read_3_,_to",czytać,Czasowniki,,Verb,,poznanie i percepcja,ndk,wariant obrazu,,
3313,"read_book_,_to",czytać książkę,Czasowniki,,VerbComplex,,poznanie i percepcja,ndk,,,
3314,"receive_,_to",otrzymywać,Czasowniki,,Verb,,dawanie i posiadanie,ndk,,,
3315,"relax_,_to",relaksować się,Czasowniki,,Verb,,odpoczynek i stany,ndk,,,
3316,"relax_2_,_to",relaksować się,Czasowniki,,Verb,,odpoczynek i stany,ndk,wariant obrazu,,
3317,"remove_,_to",usuwać,Czasowniki,,Verb,,zmiana stanu,ndk,,,
3318,"rest_,_to",odpoczywać,Czasowniki,,Verb,,odpoczynek i stany,ndk,,,
3319,"return_,_to",wracać,Czasowniki,,Verb,,ruch,ndk,znaczenie do potwierdzenia na obrazie (wracać / zwracać),V,
3320,"return_book_,_to",oddawać książkę,Czasowniki,,VerbComplex,,dawanie i posiadanie,ndk,,,
3321,rewind,przewijać,Czasowniki,,Verb,,obsługa urządzeń,ndk,"brak sufiksu _,_to w nazwie pliku",E,
3322,"ride_car_,_to",jechać samochodem,Czasowniki,,VerbComplex,,ruch,ndk,czasownik ruchu (jechać / jeździć),M,
3323,"ring_bell_,_to",dzwonić dzwonkiem,Czasowniki,,VerbComplex,,manipulowanie przedmiotami,ndk,,,
3324,"ring_doorbell_,_to",dzwonić do drzwi,Czasowniki,,VerbComplex,,manipulowanie przedmiotami,ndk,,,
3325,"rinse_,_to",płukać,Czasowniki,,Verb,,manipulowanie przedmiotami,ndk,,,
3326,"rock_chair_,_to",bujać się na krześle,Czasowniki,,VerbComplex,,postawa i czynności ciała,ndk,,,
3327,"rollerskate_,_to",jeździć na wrotkach,Czasowniki,,Verb,,"gra, sport i wypoczynek",ndk,,,
3328,"roll_dice_,_to",rzucać kostką,Czasowniki,,VerbComplex,,"gra, sport i wypoczynek",ndk,,,
3329,"roll_over_,_to",przewracać się na bok,Czasowniki,,VerbComplex,,postawa i czynności ciała,ndk,,,
3330,"rub_,_to",pocierać,Czasowniki,,Verb,,manipulowanie przedmiotami,ndk,,,
3331,"scrub_,_to",szorować,Czasowniki,,Verb,,prace domowe i ogrodowe,ndk,,,
3332,"seal_envelope_,_to",zaklejać kopertę,Czasowniki,,VerbComplex,,manipulowanie przedmiotami,ndk,,,
3333,"separate_,_to",rozdzielać,Czasowniki,,Verb,,manipulowanie przedmiotami,ndk,,,
3334,"serve_2_,_to",podawać,Czasowniki,,Verb,,dawanie i posiadanie,ndk,wariant obrazu,,
3335,"set_table_,_to",nakrywać do stołu,Czasowniki,,VerbComplex,,prace domowe i ogrodowe,ndk,,,
3336,"sew_,_to",szyć,Czasowniki,,Verb,,tworzenie i rzemiosło,ndk,,,
3337,"shake_,_to",potrząsać,Czasowniki,,Verb,,manipulowanie przedmiotami,ndk,,,
3338,"shake_hands_,_to",podawać rękę,Czasowniki,,VerbComplex,,relacje społeczne i opieka,ndk,,,
3339,"shake_something_,_to",potrząsać czymś,Czasowniki,,VerbComplex,,manipulowanie przedmiotami,ndk,,,
3340,"share_,_to",dzielić się,Czasowniki,,Verb,,relacje społeczne i opieka,ndk,,,
3341,"sharpen_,_to",ostrzyć,Czasowniki,,Verb,,tworzenie i rzemiosło,ndk,,,
3342,"shoot_,_to",strzelać,Czasowniki,,Verb,,"gra, sport i wypoczynek",ndk,,,
3343,"shout_,_to",krzyczeć,Czasowniki,,Verb,,komunikacja,ndk,,,
3344,"show_me_,_to",pokazywać,Czasowniki,,VerbComplex,,komunikacja,ndk,w oryginale prośba show me; rozważyć formę pokaż mi,,
3345,"sign_,_to",podpisywać,Czasowniki,,Verb,,komunikacja,ndk,znaczenie do potwierdzenia na obrazie (podpisywać / migać),V,
3346,"sing_,_to",śpiewać,Czasowniki,,Verb,,"gra, sport i wypoczynek",ndk,,,
3347,"sink_,_to",tonąć,Czasowniki,,Verb,,zmiana stanu,ndk,,,
3348,"sink_2_,_to",tonąć,Czasowniki,,Verb,,zmiana stanu,ndk,wariant obrazu,,
3349,"sit_,_to",siedzieć,Czasowniki,,Verb,,postawa i czynności ciała,ndk,siedzieć / siadać do rozstrzygnięcia,V,
3350,"sit_2_,_to",siedzieć,Czasowniki,,Verb,,postawa i czynności ciała,ndk,wariant obrazu,,
3351,"sit_in_beanbag_,_to",siedzieć w pufie,Czasowniki,,VerbComplex,,postawa i czynności ciała,ndk,,,
3352,"sit_on_floor_,_to",siedzieć na podłodze,Czasowniki,,VerbComplex,,postawa i czynności ciała,ndk,,,
3353,"skate_,_to",jeździć na łyżwach,Czasowniki,,Verb,,"gra, sport i wypoczynek",ndk,,,
3354,"skid_,_to",ślizgać się,Czasowniki,,Verb,,ruch,ndk,,,
3355,"skip_,_to",podskakiwać,Czasowniki,,Verb,,ruch,ndk,znaczenie do potwierdzenia na obrazie (podskoki lub skakanka),V,
3356,"sleep_female_,_to",spać,Czasowniki,,VerbComplex,,odpoczynek i stany,ndk,wariant obrazu: postać kobieca; polski bezokolicznik nie oddaje różnicy,,
3357,"sleep_male_,_to",spać,Czasowniki,,VerbComplex,,odpoczynek i stany,ndk,wariant obrazu: postać męska; polski bezokolicznik nie oddaje różnicy,,
3358,"sleep_on_side_,_to",spać na boku,Czasowniki,,VerbComplex,,odpoczynek i stany,ndk,,,
3359,"slide_,_to",zjeżdżać,Czasowniki,,Verb,,"gra, sport i wypoczynek",ndk,znaczenie do potwierdzenia na obrazie (zjeżdżać / ślizgać się),V,
3360,"slide_backwards_,_to",ślizgać się do tyłu,Czasowniki,,VerbComplex,,ruch,ndk,,,
3361,"slide_forwards_,_to",ślizgać się do przodu,Czasowniki,,VerbComplex,,ruch,ndk,,,
3362,"smear_,_to",rozsmarowywać,Czasowniki,,Verb,,manipulowanie przedmiotami,ndk,,,
3363,"smile_,_to",uśmiechać się,Czasowniki,,Verb,,postawa i czynności ciała,ndk,,,
3364,"sneak_,_to",skradać się,Czasowniki,,Verb,,ruch,ndk,,,
3365,"sort_,_to",sortować,Czasowniki,,Verb,,manipulowanie przedmiotami,ndk,,,
3366,"spell_,_to",literować,Czasowniki,,Verb,,poznanie i percepcja,ndk,,,
3367,"spill_,_to",rozlewać,Czasowniki,,Verb,,zmiana stanu,ndk,,,
3368,"spin_,_to",kręcić się,Czasowniki,,Verb,,ruch,ndk,,,
3369,"spray_,_to",spryskiwać,Czasowniki,,Verb,,manipulowanie przedmiotami,ndk,,,
3370,"squeeze_,_to",ściskać,Czasowniki,,Verb,,manipulowanie przedmiotami,ndk,,,
3371,"squirt_,_to",pryskać,Czasowniki,,Verb,,manipulowanie przedmiotami,ndk,,,
3372,"stamp_,_to",stemplować,Czasowniki,,Verb,,manipulowanie przedmiotami,ndk,znaczenie do potwierdzenia na obrazie (stemplować / tupać),V,
3373,"stand_,_to",stać,Czasowniki,,Verb,,postawa i czynności ciała,ndk,,,
3374,"steal_,_to",kraść,Czasowniki,,Verb,,relacje społeczne i opieka,ndk,,,
3375,"stir_,_to",mieszać,Czasowniki,,Verb,,gotowanie i obróbka żywności,ndk,,,
3376,"stretch_,_to",rozciągać się,Czasowniki,,Verb,,postawa i czynności ciała,ndk,,,
3377,"stroke_2_,_to",głaskać,Czasowniki,,Verb,,relacje społeczne i opieka,ndk,wariant obrazu,,
3378,"study_,_to",uczyć się,Czasowniki,,Verb,,poznanie i percepcja,ndk,,,
3379,"swim_2_,_to",pływać,Czasowniki,,Verb,,ruch,ndk,wariant obrazu,,
3380,"take_,_to",brać,Czasowniki,,Verb,,dawanie i posiadanie,ndk,,,
3381,"take_care_of_,_to",opiekować się,Czasowniki,,VerbComplex,,relacje społeczne i opieka,ndk,,,
3382,"take_off_lid_,_to",zdejmować pokrywkę,Czasowniki,,VerbComplex,,gotowanie i obróbka żywności,ndk,,,
3383,"take_out_,_to",wyjmować,Czasowniki,,VerbComplex,,manipulowanie przedmiotami,ndk,,,
3384,"take_picture_,_to",robić zdjęcie,Czasowniki,,VerbComplex,,obsługa urządzeń,ndk,,,
3385,"talk_1_,_to",mówić,Czasowniki,,Verb,,komunikacja,ndk,wariant obrazu (4 warianty); rozróżnić mówienie / rozmawianie po obejrzeniu,V,
3386,"talk_2_,_to",mówić,Czasowniki,,Verb,,komunikacja,ndk,wariant obrazu (4 warianty); rozróżnić mówienie / rozmawianie po obejrzeniu,V,
3387,"talk_3_,_to",mówić,Czasowniki,,Verb,,komunikacja,ndk,wariant obrazu (4 warianty); rozróżnić mówienie / rozmawianie po obejrzeniu,V,
3388,"talk_4_,_to",mówić,Czasowniki,,Verb,,komunikacja,ndk,wariant obrazu (4 warianty); rozróżnić mówienie / rozmawianie po obejrzeniu,V,
3389,"tear_,_to",drzeć,Czasowniki,,Verb,,manipulowanie przedmiotami,ndk,,,
3390,"telephone_2_,_to",telefonować,Czasowniki,,Verb,,komunikacja,ndk,wariant obrazu,,
3391,"telephone_mobile_,_to",dzwonić z komórki,Czasowniki,,VerbComplex,,komunikacja,ndk,,,
3392,"telephone_mobile_2_,_to",dzwonić z komórki,Czasowniki,,VerbComplex,,komunikacja,ndk,wariant obrazu,,
3393,"think_,_to",myśleć,Czasowniki,,Verb,,poznanie i percepcja,ndk,,,
3394,"throw_away_,_to",wyrzucać,Czasowniki,,VerbComplex,,prace domowe i ogrodowe,ndk,,,
3395,"tickle_,_to",łaskotać,Czasowniki,,Verb,,relacje społeczne i opieka,ndk,,,
3396,"tidy_2_,_to",sprzątać,Czasowniki,,Verb,,prace domowe i ogrodowe,ndk,wariant obrazu,,
3397,"tie_,_to",wiązać,Czasowniki,,Verb,,manipulowanie przedmiotami,ndk,,,
3398,"tighten_,_to",dokręcać,Czasowniki,,Verb,,manipulowanie przedmiotami,ndk,,,
3399,"touch_,_to",dotykać,Czasowniki,,Verb,,manipulowanie przedmiotami,ndk,,,
3400,"trace_,_to",obrysowywać,Czasowniki,,Verb,,tworzenie i rzemiosło,ndk,,,
3401,"transport_car_,_to",przewozić samochodem,Czasowniki,,Verb,,ruch,ndk,,,
3402,"trim_,_to",przycinać,Czasowniki,,Verb,,manipulowanie przedmiotami,ndk,,,
3403,"trim_hedge_,_to",przycinać żywopłot,Czasowniki,,VerbComplex,,prace domowe i ogrodowe,ndk,,,
3404,"turn_,_to",obracać,Czasowniki,,Verb,,ruch,ndk,,,
3405,"turn_down_light_,_to",przyciemniać światło,Czasowniki,,VerbComplex,,obsługa urządzeń,ndk,,,
3406,"turn_off_,_to",wyłączać,Czasowniki,,Verb,,obsługa urządzeń,ndk,,,
3407,"turn_on_,_to",włączać,Czasowniki,,Verb,,obsługa urządzeń,ndk,,,
3408,"turn_up_light_,_to",rozjaśniać światło,Czasowniki,,VerbComplex,,obsługa urządzeń,ndk,,,
3409,"type_,_to",pisać na klawiaturze,Czasowniki,,Verb,,obsługa urządzeń,ndk,,,
3410,"unbutton_2_,_to",rozpinać guziki,Czasowniki,,Verb,,higiena i ubieranie się,ndk,wariant obrazu,,
3411,"unlock_,_to",odmykać,Czasowniki,,Verb,,zmiana stanu,ndk,,,
3412,verbs_collective,czasowniki (zbiorczo),Czasowniki,,Noun,,,,,,
3413,"visit_,_to",odwiedzać,Czasowniki,,Verb,,relacje społeczne i opieka,ndk,,,
3414,"vomit_2_,_to",wymiotować,Czasowniki,,Verb,,postawa i czynności ciała,ndk,wariant obrazu,,
3415,"vote_,_to",głosować,Czasowniki,,Verb,,relacje społeczne i opieka,ndk,,,
3416,"wait_,_to",czekać,Czasowniki,,Verb,,odpoczynek i stany,ndk,,,
3417,"wait_table_,_to",obsługiwać gości,Czasowniki,,VerbComplex,,praca,ndk,,,
3418,"wake_up_,_to",budzić się,Czasowniki,,VerbComplex,,odpoczynek i stany,ndk,,,
3419,"walk_,_to",chodzić,Czasowniki,,Verb,,ruch,ndk,czasownik ruchu (chodzić / iść),M,
3420,"walk_downstairs_,_to",schodzić po schodach,Czasowniki,,VerbComplex,,ruch,ndk,,,
3421,"walk_upstairs_,_to",wchodzić po schodach,Czasowniki,,VerbComplex,,ruch,ndk,,,
3422,"walk_up_to_,_to",podchodzić,Czasowniki,,VerbComplex,,ruch,ndk,,,
3423,"want_,_to",chcieć,Czasowniki,,Verb,,odpoczynek i stany,ndk,,,
3424,"watch_,_to",oglądać,Czasowniki,,Verb,,poznanie i percepcja,ndk,,,
3425,"wear_helmet_,_to",nosić kask,Czasowniki,,VerbComplex,,higiena i ubieranie się,ndk,,,
3426,"weigh_food_,_to",ważyć jedzenie,Czasowniki,,VerbComplex,,gotowanie i obróbka żywności,ndk,,,
3427,"weigh_person_,_to",ważyć osobę,Czasowniki,,VerbComplex,,manipulowanie przedmiotami,ndk,,,
3428,"whisper_,_to",szeptać,Czasowniki,,Verb,,komunikacja,ndk,,,
3429,"wiggle_,_to",wiercić się,Czasowniki,,Verb,,postawa i czynności ciała,ndk,znaczenie do potwierdzenia na obrazie,V,
3430,"work_2_,_to",pracować,Czasowniki,,Verb,,praca,ndk,wariant obrazu,,
3431,"wrestle_,_to",mocować się,Czasowniki,,Verb,,"gra, sport i wypoczynek",ndk,,,
3432,"write_,_to",pisać,Czasowniki,,Verb,,komunikacja,ndk,,,
3433,"write_cheque_,_to",wypisywać czek,Czasowniki,,VerbComplex,,komunikacja,ndk,,,
3434,"write_letter_,_to",pisać list,Czasowniki,,VerbComplex,,komunikacja,ndk,,,
3435,"yawn_,_to",ziewać,Czasowniki,,Verb,,postawa i czynności ciała,ndk,,,
3436,"zoom_,_to",przybliżać,Czasowniki,,Verb,,obsługa urządzeń,ndk,,,
